product_id,name,category,brand,price,stock,tags,source_name,source_category,source_dataset,image_url,rating,rating_count
B07ZPSG8P5,Bastmei 保护壳,手机,Bastmei,86,276,手机|手机配件|保护壳,"Bastmei for OnePlus 7T Case Extremely Light Ultra Thin, Super Slim Hard PC Cover Case for OnePlus 7T (Gravel Green)",Cell Phones & Accessories,Amazon Reviews 2023,https://m.media-amazon.com/images/I/41Mo5IIOw6L._AC_.jpg,4.4,177
B00JIFK1HA,Rikki Knight 保护壳,手机,Rikki Knight,161,330,手机|手机配件|保护壳,Rikki Knight 3D Chevron Peach on White with Anchor Flip Wallet iPhoneCase with Magnetic Flap for Apple iPhone 5c,Cell Phones & Accessories,Amazon Reviews 2023,https://m.media-amazon.com/images/I/518YqXyZxsL._AC_.jpg,1.0,1
B0BHY2CR5B,iMangoo 保护壳,手机,iMangoo,86,859,手机|手机配件|保护壳,"iMangoo Galaxy S22 Case, for Samsung Galaxy S22 Cases Wallet Case Men Women Protective ID Credit Card Slot Holder Cash Pocket PU Leather Sleeve Double Magnetic Closure Clasp Galaxy S22 Flip Case Blue",Cell Phones & Accessories,Amazon Reviews 2023,https://m.media-amazon.com/images/I/51nZu7lnhHL._AC_.jpg,4.5,530
B0B8ZBCCY6,WSKEN 屏幕保护膜,手机,WSKEN,86,315,手机|手机配件|保护膜|保护壳|摄像头,"WSKEN for Samsung Galaxy Z Fold 4 Camera Lens Protector Case Cover, Anti Scratch HD Tempered Metal Glass Camera Screen Protector Shockproof Film for Galaxy Z Fold 4 5G 2022 Accessories,Gold",Cell Phones & Accessories,Amazon Reviews 2023,https://m.media-amazon.com/images/I/51eGiaTv8aL._AC_.jpg,4.5,354
B07NWTB6P1,MMOBIEL 数据线,手机,MMOBIEL,86,274,手机|手机配件|数据线|存储,MMOBIEL Earspeaker Light Sensor Flex Cable Incl Mic Compatible with iPhone Xs Max 6.5 inch incl. Screwdrivers,Cell Phones & Accessories,Amazon Reviews 2023,https://m.media-amazon.com/images/I/41VCrxxI+VL._AC_.jpg,4.2,380
B08C82CVM2,Peonily Designs 手机商品,手机,Peonily Designs,108,707,手机|手机配件,Peace Love Sunshine Sunflower PopSockets PopGrip: Swappable Grip for Phones & Tablets,Cell Phones & Accessories,Amazon Reviews 2023,https://m.media-amazon.com/images/I/41uDuDqZlFL._AC_.jpg,4.5,41
B09QC96CDF,Areziir 手机商品,手机,Areziir,72,423,手机|手机配件,"Areziir Gapless Elegant Bands Compatible with Samsung Galaxy Watch 4/Watch 5 Band 40mm 44mm/Galaxy Watch 4 Classic 42mm 46mm/Galaxy Watch 5 Pro 45mm,Flower Silicone Pattern Replacement Strap Women Men",AMAZON FASHION,Amazon Reviews 2023,https://m.media-amazon.com/images/I/51gOLjjLwoL._AC_.jpg,4.5,196
B0BBRQW3VS,AMSKY 手机商品,手机,AMSKY,57,392,手机|手机配件,"Sport Band Compatible with Apple Watch Bands 38mm 40mm 41mm 42mm 44mm 45mm for Women Men,Floral Silicone Printed Fadeless Pattern Strap Band for iWatch Series 3, Series 5,Series 6,Series 4,Series 7",Cell Phones & Accessories,Amazon Reviews 2023,https://m.media-amazon.com/images/I/51v+oEqv5jL._AC_.jpg,4.6,26241
B0B6ZJLCLP,NINKI 手机商品,手机,NINKI,144,562,手机|手机配件,"NINKI Sparkling Band Compatible Samsung Galaxy Watch 5/4 40mm 44mm/Classic 42mm 46mm/Active 2 Watch Bands Resin,（Sliver+Black Pink）20mm Stainless Steel Bracelet Band for Galaxy Watch 3 41mm/Watch 42mm",AMAZON FASHION,Amazon Reviews 2023,https://m.media-amazon.com/images/I/51HYLVYdFNL._AC_.jpg,4.3,48
B0B3LTBB8B,Yonds Queen 保护壳,手机,Yonds Queen,72,896,手机|手机配件|保护壳|保护膜,"Yonds Queen for iPhone 13 Pro Max Clear Cute Case, Cool Cartoon Astronaut Space Planet Moon Design Stylish TPU Bumper Shockproof Protector Transparent Case(iPhone 13 Pro Max, Blue Moons)",Cell Phones & Accessories,Amazon Reviews 2023,https://m.media-amazon.com/images/I/41acYAjwIxL._AC_.jpg,4.5,172
B09N44927L,Kitoo 保护壳,手机,Kitoo,72,449,手机|手机配件|保护壳,"Carbon Fiber Pattern Slim Case Compatible with Samsung Galaxy S20, Shockproof 10ft. Drop Tested, Wireless Charging Compatible - Black",Cell Phones & Accessories,Amazon Reviews 2023,https://m.media-amazon.com/images/I/51u87KxOh8L._AC_.jpg,4.5,6654
B072F2FSY5,IQShield 屏幕保护膜,手机,IQShield,72,844,手机|手机配件|保护膜,IQ Shield Matte Screen Protector Compatible with HTC U11 (HTC U 11) Anti-Glare Anti-Bubble Film,Cell Phones & Accessories,Amazon Reviews 2023,https://m.media-amazon.com/images/I/51YoRR1KKAL._AC_.jpg,4.4,59
B01N3676BD,BoxWave Corporation 充电器,手机,BoxWave Corporation,115,830,手机|手机配件|充电器,"BoxWave Charger Compatible with PBS Kids Playtime Pad (Charger by BoxWave) - Wall Charger Direct, Wall Plug Charger for PBS Kids Playtime Pad",Computers,Amazon Reviews 2023,https://m.media-amazon.com/images/I/21mxvKtB5-L._AC_.jpg,3.8,52
B089742DWT,PunkCase 保护壳,手机,PunkCase,288,965,手机|手机配件|保护壳,"Punkcase iPhone 11 Pro Waterproof Case [Aqua Series] [Slim Fit] [IP68 Certified] [Shockproof] [Dirtproof] [Snowproof] Armor Cover for iPhone 11 Pro (2019) (5.8"") [Black]",Cell Phones & Accessories,Amazon Reviews 2023,https://m.media-amazon.com/images/I/41Hwh0UsUeL._AC_.jpg,4.0,39
B09LYXJNNV,LovRug 保护壳,手机,LovRug,144,464,手机|手机配件|保护壳,"LovRug Band with Case Compatible with Apple Watch 38mm 40mm 42mm 44mm iWatch Series 6/5/4/3/2/1 / SE, Slim Jewelry Bling Diamond Rhinestone Replacement Metal Strap for women",AMAZON FASHION,Amazon Reviews 2023,https://m.media-amazon.com/images/I/41hgOLTGl9L._AC_.jpg,4.4,228
B08X6D6HST,Sidande 保护壳,手机,Sidande,79,525,手机|手机配件|保护壳,"Moto G7 Case,Moto G7 Plus case with Flowers, Sidande Shockproof Clear Floral Soft Flexible TPU Slim Phone Case Cover DO NOT FIT for Motorola Moto G7 Power Or Moto G7 Play (Cactus)",Cell Phones & Accessories,Amazon Reviews 2023,https://m.media-amazon.com/images/I/511lqSgeHJL._AC_.jpg,4.2,95
B09NQ35M4H,STYLUSHOME 手机商品,手机,STYLUSHOME,58,844,手机|手机配件,StylusHome Replacement Rubber Tips 12 Pcs for StylusHome Stylus for Kid Tips Universal Stylus Pens Only,All Electronics,Amazon Reviews 2023,https://m.media-amazon.com/images/I/314BNaawMuL._AC_.jpg,4.3,7
B01LZKE8OI,Spectre Shield 屏幕保护膜,手机,Spectre Shield,43,738,手机|手机配件|保护膜|保护壳,Spectre Shield Screen Protector for Alcatel Tru/Stellar Screen Protector Case Friendly Accessories Flexible Full Coverage Clear TPU Film,Cell Phones & Accessories,Amazon Reviews 2023,https://m.media-amazon.com/images/I/51XWFdRZTiL._AC_.jpg,3.5,2
B00ARDJSBM,Reiko 保护壳,手机,Reiko,31,703,手机|手机配件|保护壳,Reiko PP-LGLS840ORG Premium Durable TPR Gummy Protective Case for LG Viper LG LTE - 1 Pack - Retail Packaging - Orange,Cell Phones & Accessories,Amazon Reviews 2023,https://m.media-amazon.com/images/I/41xrL5pMqhL._AC_.jpg,4.3,36
B0782HHZZY,6goodeals 屏幕保护膜,手机,6goodeals,50,616,手机|手机配件|保护壳|保护膜,"for 6"" ZTE Blade Z MAX bladeZmax case Phone Case 360° Cover Screen Protector Clip Crystal Holster Kick Stand Armor Shock Bumper (Blue)",Cell Phones & Accessories,Amazon Reviews 2023,https://m.media-amazon.com/images/I/51cUjxTlnrL._AC_.jpg,4.3,34
B08BC89N2Y,GMYLE 保护壳,手机,GMYLE,57,511,手机|手机配件|保护壳|摄像头,"GMYLE iPhone 11 Case 2019, Extreme Thin Smooth Full Covered Shockproof Silicone Cover [Enhanced Camera Protection] for Apple iPhone 11 6.1"", Navy Blue",Cell Phones & Accessories,Amazon Reviews 2023,https://m.media-amazon.com/images/I/41vJntWZz5L._AC_.jpg,4.1,97
B01LYVCPWQ,Skinomi 屏幕保护膜,手机,Skinomi,57,881,手机|手机配件|保护膜|保护壳,"Skinomi Screen Protector Compatible with Apple iPhone 7 (Case Friendly, Version 2) Clear TechSkin TPU Anti-Bubble HD Film",Cell Phones & Accessories,Amazon Reviews 2023,https://m.media-amazon.com/images/I/51LdjcrYNhL._AC_.jpg,4.5,40
B09QJ5YY3Y,RYUITHDJP 保护壳,手机,RYUITHDJP,50,655,手机|手机配件|保护壳,"RYUITHDJP for Hot Pepper Serrano 3 Phone Case 5.5"" with Classical Cassette Theme Design, Case for Hot Pepper Serrano 3 TPU Stylish Shockproof Cover",Cell Phones & Accessories,Amazon Reviews 2023,https://m.media-amazon.com/images/I/51GZJLA7Z7L._AC_.jpg,3.5,14
B01B79A82C,Lencca 手机商品,手机,Lencca,180,838,手机|手机配件|保护壳,Lencca Kyma Vegan Leather Crossbody Smartphone Clutch Wallet Purse with Removable Chain Shoulder Strap - Black/Copper,Cell Phones & Accessories,Amazon Reviews 2023,https://m.media-amazon.com/images/I/51Rbz6OSiDL._AC_.jpg,3.9,31
B079B36WCY,Zase 保护壳,手机,Zase,72,643,手机|手机配件|保护壳,ZTE Blade Vantage Wallet Case/ZTE Avid 4 / ZTE Tempo X N9137 / ZTE Fanfare 3 Wallet Pouch Flip Folio [Kickstand Feature] PU Leather Cover w/ID&Card Slot Wrist Strap by Zase (Luxury Rose Gold),Cell Phones & Accessories,Amazon Reviews 2023,https://m.media-amazon.com/images/I/51afIUmxb3L._AC_.jpg,4.3,23
B01NBPHBJO,SAMSUNG 手机商品,手机,SAMSUNG,2304,181,手机|手机配件,Samsung Galaxy Note 5 N920T 64GB Unlocked GSM - Black Sapphire,Cell Phones & Accessories,Amazon Reviews 2023,https://m.media-amazon.com/images/I/51lkeKvTJrL._AC_.jpg,4.0,20
B0B4R7QLP9,BULEJA 保护壳,手机,BULEJA,101,228,手机|手机配件|保护壳,"BULEJA iPhone 13 Pro Max Case 6.7 Inch,Shockproof Anti-Drop Anti-Scratch TPU + PC Protective Case Suitable for Men Women Constellation Moon iPhone 13 Pro Max Black Case",Cell Phones & Accessories,Amazon Reviews 2023,https://m.media-amazon.com/images/I/51Sf0-LovQL._AC_.jpg,5.0,2
B00CP2YPYI,PureGear 手机商品,手机,PureGear,61,352,手机,Puregear 60184PG Dualtek for Galaxy S4 - 1 Pack - Retail Packaging - Simply Pink,Cell Phones & Accessories,Amazon Reviews 2023,https://m.media-amazon.com/images/I/31H8Ev3O93L._AC_.jpg,4.2,452
B07MY92X3G,Supershieldz 屏幕保护膜,手机,Supershieldz,50,645,手机|手机配件|保护膜,"(6 Pack) Supershieldz Designed for Huawei (Honor View 20) Screen Protector, High Definition Clear Shield (PET)",Cell Phones & Accessories,Amazon Reviews 2023,https://m.media-amazon.com/images/I/51jXV3fCJ-L._AC_.jpg,3.6,13
B075V8H17X,CanvasLot 手机商品,手机,CanvasLot,144,416,手机|手机配件,"Wiley's Greens Seasoning With A Touch Of Pepper, 1.0 oz (Pack of 3)",Industrial & Scientific,Amazon Reviews 2023,https://m.media-amazon.com/images/I/51B93xH2c4L.jpg,4.9,11
B07JZJT3RH,Encased 屏幕保护膜,手机,Encased,130,67,手机|手机配件|保护膜|保护壳,"Magglass Tempered Glass Screen Protector for Otterbox Defender Series - iPhone XR 6.1"" (Case is NOT Included)",Cell Phones & Accessories,Amazon Reviews 2023,https://m.media-amazon.com/images/I/41sUmnExVeL._AC_.jpg,4.0,182
B00B6ZMBQE,Seidio 保护壳,手机,Seidio,296,481,手机|手机配件|保护壳,Seidio Surface Case and Holster Combo for use with Apple iPhone 5/5s - Retail Packaging - Gold,Cell Phones & Accessories,Amazon Reviews 2023,https://m.media-amazon.com/images/I/41DC+tIujBL._AC_.jpg,4.1,148
B0BG2RX476,FNTCASE 保护壳,手机,FNTCASE,72,808,手机|手机配件|保护壳,FNTCASE for Google Pixel 7-Pro Phone Case: Drop Proof Protection Cover with Kickstand | Matte Textured Shockproof TPU | Protective Sturdy 5G Bumper Case - Purple,Cell Phones & Accessories,Amazon Reviews 2023,https://m.media-amazon.com/images/I/51UKt7T3GwL._AC_.jpg,3.6,177
B09DKPPM8V,VOFUOE 保护壳,手机,VOFUOE,115,996,手机|手机配件|保护壳,"VOFUOE for iPhone 13 Pro Max Case with Stand Strap Hand Holder, Glitter Luxurly Plated Rhombus Phone Case for Women Girls, Protection Cute Cover Wrist Bracket for iPhone 13 6.7 Pro Max-White",Cell Phones & Accessories,Amazon Reviews 2023,https://m.media-amazon.com/images/I/41jE1b2LCmL._AC_.jpg,4.2,139
B094FJRS5C,FYY 保护壳,手机,FYY,151,416,手机|手机配件|保护壳,"FYY Case for Samsung Galaxy S21 Ultra 5G 6.8”, [Magnetic Closure] Luxury Leather Wallet Case Flip Folio Cover with [Front Card Slots] for Galaxy S21 Ultra 5G Wine Red",Cell Phones & Accessories,Amazon Reviews 2023,https://m.media-amazon.com/images/I/51G-zmR2zFL._AC_.jpg,4.5,287
B087ZR713Q,CellEver 屏幕保护膜,手机,CellEver,115,616,手机|手机配件|保护壳|保护膜,"CellEver Clear Full Body Case for iPhone 11, Heavy Duty Protection with Anti-Slip TPU Bumper and [2 Tempered 9H Glass Screen Protectors] Shockproof Transparent Phone Cover 6.1 Inch (Yellow)",Cell Phones & Accessories,Amazon Reviews 2023,https://m.media-amazon.com/images/I/419UEDQB1iL._AC_.jpg,4.4,12875
B0BTSSCVZH,PopSockets 手机商品,手机,PopSockets,108,371,手机|手机配件,"​​​​PopSockets Phone Grip with Expanding Kickstand, PopSockets for Phone - Pikachu",Cell Phones & Accessories,Amazon Reviews 2023,https://m.media-amazon.com/images/I/41Q-Jt9tKJL._AC_.jpg,4.8,1540
B07Y49KDHP,BELTRON 保护壳,手机,BELTRON,79,459,手机|手机配件|保护壳,"DuraForce Pro 1 Case with Belt Clip Holster, Heavy Duty Slim DuraForce Pro Case with Belt Clip Holster, Heavy Duty Slim Shell Holster Combo & Built-in Kickstand for Kyocera Duraforce Pro 1 E6810 E6820",Cell Phones & Accessories,Amazon Reviews 2023,https://m.media-amazon.com/images/I/51fTCxIusoL._AC_.jpg,4.5,186
B09DPL71RB,GOOSPERY 保护壳,手机,GOOSPERY,144,485,手机|手机配件|保护壳,"GOOSPERY Magnetic Door Bumper Compatible with iPhone 13 Pro Max Case, Card Holder Wallet Case, Easy Magnet Auto Closing Protective Dual Layer Sturdy Phone Back Cover - Green",Cell Phones & Accessories,Amazon Reviews 2023,https://m.media-amazon.com/images/I/41fQPVawINL._AC_.jpg,4.1,498
B09S3HCMYR,TJS 屏幕保护膜,手机,TJS,79,622,手机|手机配件|保护壳|保护膜,"TJS Compatible with Alcatel TCL A3 A509DL Case/TCL A30 Case, with Tempered Glass Screen Protector, Belt Clip Holster Hybrid Kickstand Heavy Duty Cover Drop Protector Phone Case (Black)",Cell Phones & Accessories,Amazon Reviews 2023,https://m.media-amazon.com/images/I/41srXLJoB0L._AC_.jpg,4.6,355
B0BY2KTRS9,Bonoma 屏幕保护膜,手机,Bonoma,122,757,手机|手机配件|保护壳|保护膜|摄像头,Bonoma Compatible with iPhone 13 Pro Max Case Bling Iridescent Fluorescent Matte Luxury Case Camera Protector Shockproof Protective Anti-Skid Edge Cover Screen Protector iPhone 13 Pro Max Case,Cell Phones & Accessories,Amazon Reviews 2023,https://m.media-amazon.com/images/I/41TL0zIE30L._AC_.jpg,4.4,32
B085PS3DLH,True Love Jewellery Pty Ltd 保护壳,手机,True Love Jewellery Pty Ltd,72,503,手机|手机配件|保护壳,"for iPhone Xs, iPhone X, Designed Flip Wallet Phone Case Cover, A23251 Day of Dead Sugar Skull 23251",Cell Phones & Accessories,Amazon Reviews 2023,https://m.media-amazon.com/images/I/51RvUc3SJsL._AC_.jpg,4.7,2
B094H9PSC7,SooMine 数据线,手机,SooMine,65,740,手机|手机配件|数据线,SooMine USB Dock Connector Charging Port Flex Cable Compatible with Motorola Moto E6 XT2005 + Repair Tools,Cell Phones & Accessories,Amazon Reviews 2023,https://m.media-amazon.com/images/I/417J6DmvoGS._AC_.jpg,4.2,12
B0BHRLL3B1,Casely 保护壳,手机,Casely,252,470,手机|手机配件|保护壳,Casely iPhone 12/12 Pro Case | Wild West Adventure | Desert Case,Cell Phones & Accessories,Amazon Reviews 2023,https://m.media-amazon.com/images/I/51R2SZiywnL._AC_.jpg,4.7,265
B0C3J26W5N,Weycolor 屏幕保护膜,手机,Weycolor,57,865,手机|手机配件|保护壳|保护膜,"Weycolor for Samsung Galaxy A03S Case, with Tempered Glass Screen Protector [2 Pack], Silicone Slim Soft [Shockproof] [Upgraded Lateral Grip] Drop Protection Case for for Galaxy A03S（Black）",Cell Phones & Accessories,Amazon Reviews 2023,https://m.media-amazon.com/images/I/41YViO40TdL._AC_.jpg,4.6,277
B0BQMW6FM9,BXKM 手机商品,手机,BXKM,86,881,手机|手机配件,"2 Packs Nylon Band Replacement for Gizmo Watch 3 2 1/Gabb Watch,20mm Breathable Hook & Loop Gizmo Watch Band Replacement Gabb Watch Bands for Boys and Girls",AMAZON FASHION,Amazon Reviews 2023,https://m.media-amazon.com/images/I/51k9do4OTFL._AC_.jpg,4.5,595
B00BY3JB34,Incipio 保护壳,手机,Incipio,72,436,手机|保护壳,Incipio SA-190 Samsung Galaxy S II Epic 4G Touch Feather Ultralight Hard Shell Case 1 pk-Carrying Case-Retail Packaging-Iridescent Gray,Cell Phones & Accessories,Amazon Reviews 2023,https://m.media-amazon.com/images/I/31RxEC-i7VL._AC_.jpg,4.1,19
B07VJKZ6L4,CJ Grips 手机商品,手机,CJ Grips,108,669,手机|手机配件,White Daisy Flower PopSockets PopGrip: Swappable Grip for Phones & Tablets,Cell Phones & Accessories,Amazon Reviews 2023,https://m.media-amazon.com/images/I/419FeBOoBOL._AC_.jpg,4.4,10
B015GXH7Y2,elago 保护壳,手机,elago,94,470,手机|手机配件|保护壳,"iPhone 6S Case, elago® [Origin][Red] - [Unique Dual Layer][Shock Absorbing][Interchangeable Inner Case] – for iPhone 6/6S",Cell Phones & Accessories,Amazon Reviews 2023,https://m.media-amazon.com/images/I/41NACokVdlL._AC_.jpg,3.1,30
B09WKBDNLS,Ｈａｖａｙａ 保护壳,手机,Ｈａｖａｙａ,100,966,手机|保护壳,"Ｈａｖａｙａ Moto one 5g ace Phone case with Card Holder,Motorola one 5g uw ace case Wallet for Women,Motorola one 5g ace Cover with Credit Card Slots and Wrist Lanyard-Blue",Cell Phones & Accessories,Amazon Reviews 2023,https://m.media-amazon.com/images/I/51pmuA1uzaL._AC_.jpg,4.4,180
B0C149TCHL,kitway 手机商品,手机,kitway,108,458,手机|手机配件,"Kitway Band Compatible for Samsung Galaxy Watch 4 Band, Galaxy Watch 5 40mm 44mm/ Pro 45mm, Active 2 Watch Bands, Galaxy Watch 4 Classic 46mm 42mm, 20mm Jewelry Bracelet Women Bling Pearl Bangle Wristband",AMAZON FASHION,Amazon Reviews 2023,https://m.media-amazon.com/images/I/41jzvm4mnUL._AC_.jpg,4.2,86
B09WZ7MV43,ZERODAMAGE SAHARA CASE 保护壳,手机,ZERODAMAGE SAHARA CASE,184,341,手机|手机配件|保护壳,SaharaCase Grip Series Case for Samsung Galaxy A53 5G (2022) [Shockproof Bumper] Rugged Protection Anti-Slip Grip Slim Fit - Clear Black,Cell Phones & Accessories,Amazon Reviews 2023,https://m.media-amazon.com/images/I/51EGv7+9cJL._AC_.jpg,4.6,2
B098P8MCVM,Gifun 保护壳,手机,Gifun,72,664,手机|手机配件|保护壳,"Love Case for Note 8,Gifun Anti-Slide Clear TPU Flexible Protective Case Cover Compatible with Samsung Galaxy Note 8 - White Black Gold Love",Cell Phones & Accessories,Amazon Reviews 2023,https://m.media-amazon.com/images/I/51Azb8eaMfL._AC_.jpg,4.4,114
B016M42QNG,AISCELL 保护壳,手机,AISCELL,92,450,手机|手机配件|保护壳,"AISCELL Pouch for Galaxy Grand Prime, Camouflage Rugged Nylon Pouch Case Holster Metal Belt Clip Belt Loop with Carabiner Hook Fits Phone with Hybrid Kickstand Armor Protective Cover",Cell Phones & Accessories,Amazon Reviews 2023,https://m.media-amazon.com/images/I/511+v4FCFtL._AC_.jpg,4.0,5
B00AR94S2U,Incipio 保护壳,手机,Incipio,61,274,手机|手机配件|保护壳,"Incipio iPhone 5S Case, Dualpro for iPhone 5 5SE SE 2-Piece Tough Protection Hybrid Cover for Shock Absorption with TPU-Pink/Pink",Cell Phones & Accessories,Amazon Reviews 2023,https://m.media-amazon.com/images/I/31GQuLj0U-L._AC_.jpg,4.0,75
B09Z22T2GK,Lyfatz 手机商品,手机,Lyfatz,72,622,手机|手机配件,"Lyfatz Double Sided Print Sport Band Compatible with Apple Watch Band 38mm 40mm 41mm 42mm 44mm 45mm 49mm Women Men,Floral Silicone Printed Fadeless Pattern Sport Strap for iWatch Series 8 7 6 5 4 3 2 1 SE Ultra",AMAZON FASHION,Amazon Reviews 2023,https://m.media-amazon.com/images/I/41ynnPAZqCL._AC_.jpg,4.3,142
B0B142R3WM,RMOCR 屏幕保护膜,手机,RMOCR,65,930,手机|手机配件|保护壳|保护膜,"Motorola Moto G Stylus 5G 2022 Case with Tempered Glass Screen Protector,Heavy Duty Rugged Shockproof Full Body Protective Phone Cover,Black Matte",Cell Phones & Accessories,Amazon Reviews 2023,https://m.media-amazon.com/images/I/51S-xELuAeL._AC_.jpg,4.3,1126
B09C7NPPGF,SQMCase 保护壳,手机,SQMCase,101,529,手机|手机配件|保护壳,"Case for Galaxy Z Fold 3, Shockproof Protective Scratch Resistant & Anti Slip Grippy Soft TPU Case Compatible with Galaxy Z Fold 3 (Blue)",Cell Phones & Accessories,Amazon Reviews 2023,https://m.media-amazon.com/images/I/51UShqCPyZL._AC_.jpg,3.4,42
B09FGJRKQJ,Torendi 手机商品,手机,Torendi,86,854,手机|手机配件,"Cell Phone Ring Holder Finger Stand, Torendi Marble Kickstand Gold Metal Grip Holder for Magnetic Car Mount Compatible with iPhone 13/13 Pro/12 Pro Max/11 and All Smartphones (Opalescent)",Cell Phones & Accessories,Amazon Reviews 2023,https://m.media-amazon.com/images/I/51whTKKnMmL._AC_.jpg,4.3,634
B08J8DNYFT,TUDIA 保护壳,手机,TUDIA,86,588,手机|手机配件|保护壳,"TUDIA DualShield Designed for Pixel 4a 5G Case (2020), [Merge] Shockproof Dual Layer Military Grade Drop Protection Slim Protective Case Cover - Matte Black",Cell Phones & Accessories,Amazon Reviews 2023,https://m.media-amazon.com/images/I/41uX8POiX9L._AC_.jpg,4.4,816
B0BZ52ZTSD,Bullstrap 保护壳,手机,Bullstrap,144,576,手机|手机配件|保护壳,"Bullstrap Premium Leather Phone Case Compatible with Apple iPhone Xs Max, Black Edition",Cell Phones & Accessories,Amazon Reviews 2023,https://m.media-amazon.com/images/I/21fIEXKHeeL._AC_.jpg,5.0,1
B09FDXV5VN,NEWDERY 保护壳,手机,NEWDERY,230,61,手机|手机配件|保护壳|充电器,"NEWDERY Battery Case for iPhone 13 Pro Max & 12 Pro Max, Qi Wireless Compatible Extended Power Charging Case, Rechargeable Charger Case for iPhone 13 Pro Max & iPhone 12 Pro Max Black",Cell Phones & Accessories,Amazon Reviews 2023,https://m.media-amazon.com/images/I/41GIiFqhsCL._AC_.jpg,4.0,183
B082ZC3V8Q,Yorkshire Terrier Gifts - click to show more! 手机商品,手机,Yorkshire Terrier Gifts - click to show more!,101,365,手机|手机配件,Yorkshire Terrier Dog Yorkie PopSockets PopGrip: Swappable Grip for Phones & Tablets,Cell Phones & Accessories,Amazon Reviews 2023,https://m.media-amazon.com/images/I/514vpOMWZpL._AC_.jpg,3.0,1
B08CZF8SXL,I-HONVA 屏幕保护膜,手机,I-HONVA,101,984,手机|手机配件|保护壳|保护膜,"I-HONVA for Galaxy S10E Case Shockproof Dust/Drop Proof 3-Layer Full Body Protection [Without Screen Protector] Rugged Heavy Duty Durable Cover Case for Samsung Galaxy S10E,Purple/Green",Cell Phones & Accessories,Amazon Reviews 2023,https://m.media-amazon.com/images/I/41JWXaurZuL._AC_.jpg,4.6,1124
B09WVSYP6W,Casetify 保护壳,手机,Casetify,418,752,手机|手机配件|保护壳,Casetify Ultra Compostable Case for iPhone 13 Pro - Peach,Cell Phones & Accessories,Amazon Reviews 2023,https://m.media-amazon.com/images/I/31VfbV-7osL._AC_.jpg,3.3,8
B098SWVC2J,Idealiveny 手机商品,手机,Idealiveny,70,110,手机|手机配件,Idealiveny Watch-Band-Decorative-Charms Compatible with Iwatch Series 6 5 4 3 2 1 Metal Decorative Rings Loops for SmartWatch Band 38mm 40mm 42mm 44mm Silicone Watch Band-Accessories-Charms,AMAZON FASHION,Amazon Reviews 2023,https://m.media-amazon.com/images/I/4107IUO9acL._AC_.jpg,4.5,737
B0B8NL1VPY,WATER BEAR TACTICAL 手机商品,手机,WATER BEAR TACTICAL,331,114,手机|手机配件,"Water Bear Tactical 550 Paracord Quick Release Band made for Apple Watch 42/45mm for Apple Watch Series 8, 7, 6, 5, 4, 3, 2,1",AMAZON FASHION,Amazon Reviews 2023,https://m.media-amazon.com/images/I/21oEBP2-ZHL._AC_.jpg,4.0,5
B091C7JXZ9,SUNCARACCL 手机商品,手机,SUNCARACCL,94,113,手机|手机配件,"SUNCARACCL Bling Car Phone Holder, 360°Adjustable Crystal Auto Phone Mount Universal Rhinestone Car Stand Phone Holder Car Accessories for Windshield Dashboard and Air Outlet (Black)",Cell Phones & Accessories,Amazon Reviews 2023,https://m.media-amazon.com/images/I/41hhzzcpuCL._AC_.jpg,4.0,2598
B00N8SF56A,elago 保护壳,手机,elago,180,631,手机|手机配件|保护壳,"iPhone 6S Case, elago S6 Outfit Aluminum and Polycarbonate Dual Case for The iPhone 6/6S (4.7inch) + HD Professional Screen Film Included - Full Retail Packaging (Champagne Gold/Champagne Gold)",Cell Phones & Accessories,Amazon Reviews 2023,https://m.media-amazon.com/images/I/41E9aIwtWnL._AC_.jpg,3.6,34
B08LNZNCML,i2 Gear 手机商品,手机,i2 Gear,65,144,手机|手机配件|保护壳,"i2 Gear Armband for iPod Touch 7th, 6th, 5th Generation MP3 Players & iPhone 5, 5s, 5C with Key Holder & Elastic Strap Extender",Cell Phones & Accessories,Amazon Reviews 2023,https://m.media-amazon.com/images/I/515EkAIXu6L._AC_.jpg,4.0,29
B08MBW59D8,Lacass 保护壳,手机,Lacass,144,457,手机|手机配件|保护壳,Lacass [Cards Theft Scan Protection 10 Card Slots Holder Zipper Pocket Wallet Case Flip Leather Cover with Wrist Strap Magnetic Closure Stand for Samsung Galaxy A71 5G (Floral Blue Green),Cell Phones & Accessories,Amazon Reviews 2023,https://m.media-amazon.com/images/I/51f5+lae9vL._AC_.jpg,4.4,44
B08FTB1SJD,HHUAN 屏幕保护膜,手机,HHUAN,31,763,手机|手机配件|保护膜|保护壳,"HHUAN Case Black + Tempered Glass Screen Protector for Samsung Galaxy Note 20 Ultra 5G (6.9""), Flexible TPU Shell Silicone Gel Protective Case Shock-Absorption Bumper Cover - YQ12",Portable Audio & Accessories,Amazon Reviews 2023,https://m.media-amazon.com/images/I/516u0JF9+xL._AC_.jpg,5.0,1
B088WNBFX3,HMTECHUS 保护壳,手机,HMTECHUS,79,643,手机|手机配件|保护壳,"HMTECHUS LG Stylo 5 Case 3D Luxury Elegant White Tiger PU Leather Wallet Anti-Fall Durable Card Slots Holder Kickstand Book Style Magnetic Flip Cover for LG Stylo 5 2019,White Tiger BX",Cell Phones & Accessories,Amazon Reviews 2023,https://m.media-amazon.com/images/I/51Tds3D3rML._AC_.jpg,4.2,45
B0B7DKK6M2,ABELTA 手机商品,手机,ABELTA,50,822,手机|手机配件,"ABELTA Compatible with Apple Watch Band 38mm 40mm 41mm 42mm 44mm 45mm Cute Butterfly Band for Women Girls Men, Clear Transparent Printed Sport Band for iWatch SE Series 8 7 6 5 4 3 2 1 (Butterfly)",AMAZON FASHION,Amazon Reviews 2023,https://m.media-amazon.com/images/I/41vtDDF4jvL._AC_.jpg,4.4,204
B0B835LFN3,Ghostek 保护壳,手机,Ghostek,108,136,手机|手机配件|保护壳,Ghostek COVERT Clear Pink Pixel 6a Case for Women with Advanced Anti-Yellowing Design Shockproof Drop Protection Premium Slim Lightweight Phone Cover Designed for 2022 Google Pixel 6a (6.1inch) (Pink),Cell Phones & Accessories,Amazon Reviews 2023,https://m.media-amazon.com/images/I/41c0Jh8Mj7L._AC_.jpg,4.6,131
B09MQLG1QN,Casetify 保护壳,手机,Casetify,292,216,手机|手机配件|保护壳,Casetify Impact Case for iPhone 13 Pro - After Party by Lorien Stern - Clear Frost,Cell Phones & Accessories,Amazon Reviews 2023,https://m.media-amazon.com/images/I/419wqNrteJL._AC_.jpg,4.5,102
B0BNNXH8Q4,STENES 保护壳,手机,STENES,115,891,手机|手机配件|保护壳,STENES Sparkle Case Compatible with Samsung Galaxy A14 5G Case - Stylish - 3D Handmade Bling Rrivet Skull Rhinestone Crystal Diamond Design Cover Case - Black,Cell Phones & Accessories,Amazon Reviews 2023,https://m.media-amazon.com/images/I/51DHv2g4g9L._AC_.jpg,5.0,2
B07S6FTLLL,WFEAGL 手机商品,手机,WFEAGL,101,812,手机|手机配件,"WFEAGL for Fitbit Versa Band, Top Grain Leather Band for Fitbit Versa/Versa 2 /Versa Lite/Versa SE Fitness Smart Watch (Light Gray Band+Silver Buckle)",Cell Phones & Accessories,Amazon Reviews 2023,https://m.media-amazon.com/images/I/41u7ealh4LL._AC_.jpg,4.6,7540
B0B6TQGTK3,OXWALLEN 手机商品,手机,OXWALLEN,72,536,手机|手机配件,"OXWALLEN Stretchy Elastic Adjustable Bands Compatible with Apple Watch 8/7 Ultra 49mm 45mm 42mm 44mm, Nylon Solo Loop Braided Stretches Women Men Strap for iWatch SE Series 8/7/6/5/4/3,Orange",Cell Phones & Accessories,Amazon Reviews 2023,https://m.media-amazon.com/images/I/51xqrJeMZIS._AC_.jpg,4.6,7554
B0BB7DPXFS,PCTC 屏幕保护膜,手机,PCTC,50,515,手机|手机配件|保护膜|摄像头,"S22 Ultra Lens Screen Protector,PCTC for Samsung Galaxy S22 Ultra Camera Lens Protector,Specialized for Night Shot Mode Camera Screen Protector for Galaxy S22 Ultra 5G (Multi-Coloured)[3+2PCS]",Cell Phones & Accessories,Amazon Reviews 2023,https://m.media-amazon.com/images/I/512vZPI3+yL._AC_.jpg,4.1,59
B09MSNNWBB,G-Shock 手机商品,手机,G-Shock,768,871,手机|手机配件,"G-Shock GA900VB-1A Virtual World Watch, Black",AMAZON FASHION,Amazon Reviews 2023,https://m.media-amazon.com/images/I/51W35vkULVL._AC_.jpg,4.3,61
B0837TYH8C,Auker 保护壳,手机,Auker,115,275,手机|手机配件|保护壳,"Iphone 8 Detachable Magnetic Wallet Case with Strap,Auker 2 in 1 7 Card Holder Flip Leather Shockproof Full Body Protective Purse Case with Hidden Wallet/Money Pocket&Fold Kickstand for Women iphone 7",Cell Phones & Accessories,Amazon Reviews 2023,https://m.media-amazon.com/images/I/61cHvS4FDAL._AC_.jpg,4.4,990
B07VT2LBL9,GOOSPERY 保护壳,手机,GOOSPERY,93,538,手机|手机配件|保护壳,"GOOSPERY Skyslide Wallet Case Designed for iPhone 11 Case 6.1 inch, [Secured Card Holder Case][100% Wireless Charging] with All Round Protection Bumper Cover with Ergonomic Design - Red",Cell Phones & Accessories,Amazon Reviews 2023,https://m.media-amazon.com/images/I/41B04HkhntL._AC_.jpg,3.8,134
B09ZPBGNKS,TenCloud 屏幕保护膜,手机,TenCloud,79,997,手机|手机配件|保护壳|保护膜,TenCloud 3-Pack Screen Protector Case Compatible with Compatible with ID205L Veryfitpro Smartwatch Fitpolo ID205L Touch Screen 1.3 inch Protective Cover (Black+Black+Black),Cell Phones & Accessories,Amazon Reviews 2023,https://m.media-amazon.com/images/I/41Vs17WQ16L._AC_.jpg,4.4,13
B09ZQPV8ZL,Aioneus 充电器,手机,Aioneus,45,605,手机|手机配件|充电器,"USB Wall Charger, 30W 2-Port Fast Charger Block USB C Charger+Quick Charge 3.0 Wall Plug Multiport Charging Block for iPhone 14 13 12 11 Pro Max XS XR 8 7 Plus, iPad, Tablet Samsung Phone Black",All Electronics,Amazon Reviews 2023,https://m.media-amazon.com/images/I/312esPnUzjL._AC_.jpg,4.3,54
B0B8YNDK45,GOOSPERY 保护壳,手机,GOOSPERY,86,855,手机|手机配件|保护壳,"GOOSPERY Clear Wallet Designed for iPhone 14 Case (6.1 inch), Slim Thin User Friendly Holds 2 Cards Soft Anti-Yellowing TPU Protective Case Wallet – Crystal Clear",Cell Phones & Accessories,Amazon Reviews 2023,https://m.media-amazon.com/images/I/51iwm8sBIPL._AC_.jpg,5.0,2
B08CT8VD5Z,Caislean 保护壳,手机,Caislean,144,747,手机|手机配件|保护壳,"Caislean Wallet Case for New iPhone SE 2020 2nd Gen/iPhone 8 / iPhone 7, PU Leather Flip Cover, RFID Blocking Card Holder Kickstand Magnetic Closure for iPhone SE 2020, iPhone 7/8 4.7"" Orange/Olive",Cell Phones & Accessories,Amazon Reviews 2023,https://m.media-amazon.com/images/I/41UBeo0QjJL._AC_.jpg,4.6,390
B08V545TKL,TSXUAN 保护壳,手机,TSXUAN,29,169,手机|手机配件|保护壳,"Galaxy A11 Case,Premium Soft Silicone Rubber Full-Body Protective Anti-Scratch Shockproof Bumper Case Compatible with Samsung Galaxy A11,Sunflower American Flag",Cell Phones & Accessories,Amazon Reviews 2023,https://m.media-amazon.com/images/I/51cnOn0jyZL._AC_.jpg,5.0,3
B0BKVH96NL,lalasis 手机商品,手机,lalasis,29,386,手机|手机配件,"Stretchy Nylon Solo Loop Band Compatible with Apple Watch Band 49/45/44/42mm 38/40/41mm,lalasis Adjustable Braided Sport Elastic Wristbands Women Men Strap for iWatch Series Ultra SE 8/7/6/5/4/3/2/1",Cell Phones & Accessories,Amazon Reviews 2023,https://m.media-amazon.com/images/I/51JUVUDmcaL._AC_.jpg,4.4,180
B07C65YKJ3,GORGCASE 保护壳,手机,GORGCASE,14,601,手机|手机配件|保护壳,Phone Case Compatible for LG Aristo/LG Aristo 2/LG Aristo 2 Plus/LG Tribute Dynasty/LG Fortune/LG Fortune 2/LG Phoenix 3/LG K8 2017/LG Risio 2/LG Risio 3/LG Rebel 2/LG Zone 4/LG K8 Plus 2018 Case BLUE,Cell Phones & Accessories,Amazon Reviews 2023,https://m.media-amazon.com/images/I/51vOwIGyhWS._AC_.jpg,4.4,201
B094NFRN1G,StarTech 充电器,手机,StarTech,274,285,手机|手机配件|充电器,StarTech.com 15W Qi Wireless Charging Stand - Qi Certified Wireless Charger Stand or Pad - Adjustable - Universal Wireless Charging Pad for Smartphone - iPhone/Samsung Galaxy/Google Pixel (QWCHSTAND),Cell Phones & Accessories,Amazon Reviews 2023,https://m.media-amazon.com/images/I/41DiyP-P9PL._AC_.jpg,3.2,3
B08HMR4MJ9,Asdsinfor 保护壳,手机,Asdsinfor,79,999,手机|手机配件|保护壳,Asdsinfor iPhone SE 2020 Case Stylish Shiny Diamond Wallet Case Credit Cards Slot with Stand for PU Leather Shockproof Flip Magnetic Case for iPhone SE 2020 Glitter Butterfly Rose Gold SD,Cell Phones & Accessories,Amazon Reviews 2023,https://m.media-amazon.com/images/I/61WzZatRisL._AC_.jpg,4.3,18
B0971F6QYN,BESIOFO 屏幕保护膜,手机,BESIOFO,50,56,手机|手机配件|保护壳|保护膜,"BESIOFO Compatible with Apple Watch Band 38mm 40mm 42mm 44mm with Screen Protector Case, Women Girl Pattern Printed Glass Screen Protector and Sport Replacement Silicon Wristband Strap for iWatch Series 6 5 4 3 2 1 Se",AMAZON FASHION,Amazon Reviews 2023,https://m.media-amazon.com/images/I/51uW8fqxLnL._AC_.jpg,4.2,69
B09M5L9KBN,Spigen 屏幕保护膜,手机,Spigen,72,389,手机|手机配件|保护膜|保护壳,Spigen NeoFlex Solid Screen Protector Designed for Galaxy S22 (2022) [2 Pack] - Case Friendly,Cell Phones & Accessories,Amazon Reviews 2023,https://m.media-amazon.com/images/I/41kmExC8T+L._AC_.jpg,3.7,861
B07V44C18F,GOLINK 屏幕保护膜,手机,GOLINK,94,108,手机|手机配件|保护壳|保护膜,GOLINK Full Body Stylish Chrome Holographic Marble Design Shockproof Protective Case with Built-in Screen Protector for 4.7 inch iPhone SE2/iPhone 7/iPhone 8(Blue Check Marble),Cell Phones & Accessories,Amazon Reviews 2023,https://m.media-amazon.com/images/I/51QvcJE2gLL._AC_.jpg,4.4,723
B0BJ2DM1BL,JFdragon 手机商品,手机,JFdragon,130,148,手机|手机配件,JFdragon for Apple Watch Band 38mm 40mm 41mm 42mm 44mm 45mm 49mm Ultra Women Series 8 7 6 5 4 3 2 1 SE Bling Metal Bracelet iwatch Bands,AMAZON FASHION,Amazon Reviews 2023,https://m.media-amazon.com/images/I/41hSVJglzVL._AC_.jpg,4.4,20183
B07S9ZVGQF,Wearlizer 手机商品,手机,Wearlizer,101,0,手机|手机配件,Wearlizer Black Slim Leather Compatible with Apple Watch Bands 38mm 40mm 41mm for iWatch SE Women Men Thin Straps Thin Wristband Simple Cute Replacement (Silver Metal Clasp) Series 8 7 6 5 4 3 2 1,Cell Phones & Accessories,Amazon Reviews 2023,https://m.media-amazon.com/images/I/41fpN+P+KBL._AC_.jpg,4.5,3195
B09M38NCNK,Case-Mate 保护壳,手机,Case-Mate,79,561,手机|手机配件|保护壳,Case-Mate - PRABAL GURUNG - Case for iPhone 11 - Tough Stronger In Colour - 6.1 inch - Smoke,Cell Phones & Accessories,Amazon Reviews 2023,https://m.media-amazon.com/images/I/41kb5Sk2PVL._AC_.jpg,4.6,4296
B09C82R78D,Takfox 保护壳,手机,Takfox,101,212,手机|手机配件|保护壳,Takfox Compatible with iPhone 13 Wallet Case 2021 / for iPhone 13 Case (6.1 inch) PU Leather ID Credit Card Holder Slots Folio Flip Kickstand Detachable Magnetic Phone Case Cover & Lanyard-Black,Cell Phones & Accessories,Amazon Reviews 2023,https://m.media-amazon.com/images/I/51f1ToMvnIL._AC_.jpg,4.1,11
B08LMWRF6N,Henstar 屏幕保护膜,手机,Henstar,57,182,手机|手机配件|保护壳|保护膜,"Henstar Compatible with Apple Watch Series 7 41mm Hard Case,Ultra Thin HD Tempered Glass Screen Protector Full Coverage Protective Cover for iwatch (Rose Gold, Series 7 41mm)",Cell Phones & Accessories,Amazon Reviews 2023,https://m.media-amazon.com/images/I/41CGyDo0N4L._AC_.jpg,4.3,1370
B0BV63TVV7,HCYYZD 手机商品,手机,HCYYZD,61,185,手机|手机配件,"3 Pack Stretchy Solo Loop Band Compatible with Apple Watch Band 38mm 40mm 41mm for Women Men, Adjustable Sport Elastic Nylon Strap for iWatch Series Ultra/SE/8/7/6/5/4/3/2/1, Starlight/Brown/Black",AMAZON FASHION,Amazon Reviews 2023,https://m.media-amazon.com/images/I/51R+MwSDO4L._AC_.jpg,4.4,129
B094ZV47HH,kwmobile 保护壳,手机,kwmobile,79,518,手机|手机配件|保护壳,kwmobile Case Compatible with Apple iPhone 12 Pro Max Case - TPU Silicone Phone Cover with Soft Finish - Lime Green,Cell Phones & Accessories,Amazon Reviews 2023,https://m.media-amazon.com/images/I/41BtkrCfWGS._AC_.jpg,4.4,1244
B09XGRBC32,Tensea 屏幕保护膜,手机,Tensea,94,273,手机|手机配件|保护壳|保护膜,"(2 in 1) Tensea for Waterproof Apple Watch Screen Protector Case SE 2022 Series SE 6 5 4 40mm Accessories, iWatch Protective PC Face Cover Built-in Tempered Glass Film, Front & Back Bumper Women Men",Cell Phones & Accessories,Amazon Reviews 2023,https://m.media-amazon.com/images/I/51DTRr+H6gL._AC_.jpg,4.3,5685
B094VP3LBX,ZAROTO 屏幕保护膜,手机,ZAROTO,65,429,手机|手机配件|保护壳|保护膜,"ZAROTO Hard Case for Apple Watch 38mm, Bling Diamonds with Screen Protector for Apple Watch Series 3 2 1, Overall Protective Cover Case for iWatch Women Girls 38mm, Silver",Cell Phones & Accessories,Amazon Reviews 2023,https://m.media-amazon.com/images/I/511vil+y2dL._AC_.jpg,4.3,3067
B079ZXLYD7,Cadorabo 保护壳,手机,Cadorabo,94,942,手机|手机配件|保护壳,"Cadorabo Book Case Compatible with Xiaomi Mi A1 / Mi 5X in Apple RED - with Magnetic Closure, Stand Function and Card Slot - Wallet Etui Cover Pouch PU Leather Flip",Cell Phones & Accessories,Amazon Reviews 2023,https://m.media-amazon.com/images/I/41DYenE9cSL._AC_.jpg,4.3,60
B09CYMQQC7,Thomo 保护壳,手机,Thomo,122,164,手机|手机配件|保护壳,"Thomo Compatible with iPhone 12 Pro Max Case,[Bling Kickstand] Cute Glitter Slim Full-Body Protective Bumper Phone Cases for iPhone 12 Pro Max Women Girls-Blue",Cell Phones & Accessories,Amazon Reviews 2023,https://m.media-amazon.com/images/I/51UqWCYhDYL._AC_.jpg,4.1,369
B0BT72BGMW,OtterBox 保护壳,手机,OtterBox,144,498,手机|手机配件|保护壳,"OtterBox - Ultra-Slim iPhone 13 Mini Case (ONLY) - Made for Apple MagSafe, Artistic Protective Phone Case with Soft-Touch Material for Comfort (Mars Graphic)",Cell Phones & Accessories,Amazon Reviews 2023,https://m.media-amazon.com/images/I/416OYeqtS2L._AC_.jpg,4.4,109
B0C5LTJBTC,Vofolen 保护壳,手机,Vofolen,101,853,手机|手机配件|保护壳,Vofolen 2-in-1 Case for iPhone 13 Pro Max 5G Wallet Card Holder 9-Slot for Women Girl Detachable Strap Hybrid Protective Slim Hard Shell Magnetic PU Leather Folio Pocket Flip Case Mandala Grey,Cell Phones & Accessories,Amazon Reviews 2023,https://m.media-amazon.com/images/I/51vsWI2B0OL._AC_.jpg,4.2,233
B0C1C1HY5X,MOSNOVO 保护壳,手机,MOSNOVO,122,454,手机|手机配件|保护壳,"MOSNOVO for Samsung A52 Case, for Samsung Galaxy A52 5G Case, Crystal Clear Slim Soft TPU + PC Cover Case with Cute Dog Paw Design Phone Case for Galaxy A52s",Cell Phones & Accessories,Amazon Reviews 2023,https://m.media-amazon.com/images/I/51zH-rWYe+S._AC_.jpg,4.7,968
B09STSZTDV,Ballistic 保护壳,手机,Ballistic,86,630,手机|手机配件|保护壳,"Ballistic Raptor S Series Designed for iPhone 12 Case & iPhone 12 Pro Case (2020) with B-Labs Corners Against Drops, Protective 12 iPhone Case 6.1 inch - Tint Black",Cell Phones & Accessories,Amazon Reviews 2023,https://m.media-amazon.com/images/I/41-EdeoOJoL._AC_.jpg,4.6,985
B0B3DTV1ZH,swhatty 手机商品,手机,swhatty,137,825,手机|手机配件,"Swhatty Jewelry Metal Strap Compatible with Apple Watch Band 38mm 40mm 41mm 42mm 44mm 45mm, Bling Diamond Rhinestone Stainless Steel Adjustable Women Wristband for iWatch Series 7 6 5 4 3 2 1 SE",AMAZON FASHION,Amazon Reviews 2023,https://m.media-amazon.com/images/I/51tW-lVorSL._AC_.jpg,4.2,112
B07Y92VBGK,Funny Halloween Gifts & Scary Designs 手机商品,手机,Funny Halloween Gifts & Scary Designs,108,388,手机|手机配件,Black base Spook Black Bats Pattern Halloween Gift PopSockets PopGrip: Swappable Grip for Phones & Tablets,Cell Phones & Accessories,Amazon Reviews 2023,https://m.media-amazon.com/images/I/41i4FzRHYdL._AC_.jpg,4.4,46
B0BYKB1VHL,TWZKG 手机商品,手机,TWZKG,122,145,手机|手机配件,"Magnetic Card Wallet Holder with MagSafe for iPhone 14 Pro Max/14 Plus/14 Pro/14, for iPhone 13 Pro Max/13 Pro/13/13 Mini, for iPhone 12/12 Pro/12 Max/12 Mini,Rainbow",Cell Phones & Accessories,Amazon Reviews 2023,https://m.media-amazon.com/images/I/41qEOwDVurL._AC_.jpg,4.2,2825
B08CND16SJ,Sunflower Gifts Fun Tie Dye Retro Floral Cases 保护壳,手机,Sunflower Gifts Fun Tie Dye Retro Floral Cases,144,284,手机|手机配件|保护壳,iPhone 7 Plus/8 Plus Tie Dye Sunflower Phone Case Fun Colorful Retro Hippie Gift Case,Cell Phones & Accessories,Amazon Reviews 2023,https://m.media-amazon.com/images/I/51m-cNpfxvL._AC_.jpg,4.3,44
B0C69KLS4W,Geviaho 屏幕保护膜,手机,Geviaho,94,227,手机|手机配件|保护膜|摄像头,"[1+2 Pack] Privacy Screen Protector And Camera Lens Protector For Samsung Galaxy Note 20 Ultra 6.9 Inch Tempered Glass Saver, Full Coverage, 9H Hardness Hd Anti-Spy,For Note 20 Ultra Privacy Screen Protector",Cell Phones & Accessories,Amazon Reviews 2023,https://m.media-amazon.com/images/I/41s8L2CkDbL._AC_.jpg,4.2,2775
B08L93MZ4K,Fingic 保护壳,手机,Fingic,72,318,手机|手机配件|保护壳,"Fingic Google Pixel 5 Case, Pixel 5 Case, Google Pixel 5 Case Rose Gold Marble Slim Fit Shockproof Protective Hybrid Hard PC Soft TPU Bumper Cover Phone Cases for Google Pixel 5 2020, Rose Gold",Cell Phones & Accessories,Amazon Reviews 2023,https://m.media-amazon.com/images/I/512WoadxryL._AC_.jpg,4.1,68
B08K79RMGT,uCOLOR 保护壳,手机,uCOLOR,58,433,手机|手机配件|保护壳,"uCOLOR Case Compatible with iPhone 12 (5.4"") for Girls Marble Pattern Stylish Matt Hybrid Ultra Slim Soft TPU Protective Case for iPhone 12 Mini 5.4"" (Black Rainbow Marble)",Cell Phones & Accessories,Amazon Reviews 2023,https://m.media-amazon.com/images/I/5125b3dJW7L._AC_.jpg,4.5,141
B075RTLLZ9,Bcov 保护壳,手机,Bcov,86,576,手机|手机配件|保护壳,"Bcov Galaxy Note 8 Case, White Black Cute Cats Card Slot Wallet Leather Cover Case for Samsung Galaxy Note 8",Cell Phones & Accessories,Amazon Reviews 2023,https://m.media-amazon.com/images/I/61A7GLmsTsL._AC_.jpg,4.3,9
B0BXNTPT82,Qidoe 充电器,手机,Qidoe,137,626,手机|手机配件|充电器,12V USB Outlet Qidoe USB C Car Charger Socket Dual PD 20W and 18W QC3.0 Port USB Car Socket with Voltmeter Button Switch Lengthened Waterproof USB Power Outlet for Car Boat Marine RV Vehicle,All Electronics,Amazon Reviews 2023,https://m.media-amazon.com/images/I/41t0C4ft-eL._AC_.jpg,4.5,96
B081YDGQYV,Aladrs 手机商品,手机,Aladrs,86,320,手机|手机配件,"Aladrs Canvas Watch Straps Compatible for Apple Watch Band 41mm 40mm 38mm, Fabric Replacement Wristbands for iWatch Series 8 7 (41mm) Series 6 5 4, SE (40mm) Series 3 2 1 (38mm), Creamy-White",Cell Phones & Accessories,Amazon Reviews 2023,https://m.media-amazon.com/images/I/51+iRUhJ09L._AC_.jpg,4.3,37
B0B9BKTK6S,ORIbox 手机商品,手机,ORIbox,221,165,手机|手机配件,"ORIbox 20mm Watch Bands Compatible for Watch Bands, Samsung Galaxy Watch 4 Band, Galaxy Watch Active 2 Bands, Galaxy Watch 4 , Galaxy Watch 3 41mm, Galaxy Watch 42mm, High-Grade Steel and Resin Metal Wristband for Men Women",Cell Phones & Accessories,Amazon Reviews 2023,https://m.media-amazon.com/images/I/41UqCu9WUhL._AC_.jpg,3.8,148
B093SYS3ZN,ViCRiOR 手机商品,手机,ViCRiOR,86,278,手机|手机配件,"ViCRiOR Bands Compatible with ID205L Smart Watch, Quick Release Soft Silicone Fadeless Pattern Printed Floral Replacement Band for ID205L, ID205G ID205 ID205U ID205S",AMAZON FASHION,Amazon Reviews 2023,https://m.media-amazon.com/images/I/51YmCF2nCxS._AC_.jpg,4.5,933
B07CNZP3BH,PunkCase 保护壳,手机,PunkCase,115,264,手机|手机配件|保护壳,"Note 8 Case, Punkcase [Magnetix Series] Protective Armor TPU Cover for Samsung Galaxy Note 8 [Red]",Cell Phones & Accessories,Amazon Reviews 2023,https://m.media-amazon.com/images/I/41w74W+2JoL._AC_.jpg,3.9,125
B08P5SB7Q5,ubrand 手机商品,手机,ubrand,43,87,手机,"Tab s6 lite Touch Stylus s Pen Nibs/Tips Replacement for Samsung Galaxy Tab S6 Lite 10.4"" SM-P610 SM-P615 2020 (Black)",Cell Phones & Accessories,Amazon Reviews 2023,https://m.media-amazon.com/images/I/41qcpdDcOML._AC_.jpg,4.4,145
B07GY8GHFG,For Photographers 摄像头,手机,For Photographers,99,565,手机|手机配件|摄像头,Camera lens-photogragher gift - funny saying - About To Snap PopSockets PopGrip: Swappable Grip for Phones & Tablets,Cell Phones & Accessories,Amazon Reviews 2023,https://m.media-amazon.com/images/I/41a4lK9sWcL._AC_.jpg,3.7,23
B094GSCMXQ,Moolia 手机商品,手机,Moolia,130,792,手机|手机配件,"Moolia Double Braided Band Compatible with Apple Watch 38mm 40mm 41mm, Women Girls Woven Slim Leather Watch Strap Double Tour Bracelet Replacement for iWatch SE Series Ultra 8 7 6 5 4 3 2 1 Beige",Cell Phones & Accessories,Amazon Reviews 2023,https://m.media-amazon.com/images/I/41i55T3vDaL._AC_.jpg,3.9,2139
B098BK2SJ5,SAMSUNG 手机商品,手机,SAMSUNG,1440,305,手机|手机配件,SAMSUNG Galaxy A52 | A525F | 128GB 6GB RAM | Factory Unlocked (GSM ONLY | Not Compatible with Verizon/Sprint/Boost) | International Model (Awesome Purple),Cell Phones & Accessories,Amazon Reviews 2023,https://m.media-amazon.com/images/I/41MMWKH2vgL._AC_.jpg,4.3,685
B08RS8PVVV,Futanwei 保护壳,手机,Futanwei,115,419,手机|手机配件|保护壳,Futanwei Case for Samsung Galaxy A42 5G with Card Holder | Galaxy A42 5G Case with Wrist Strap | PU Leather + Soft TPU | Shockproof Protective Case | Built-in 4 Card Slots | Magnetic Buttons | Green,Cell Phones & Accessories,Amazon Reviews 2023,https://m.media-amazon.com/images/I/51WfKspeI+L._AC_.jpg,4.3,32
B01EIDSE8O,New Frontier Wireless Accessory 屏幕保护膜,手机,New Frontier Wireless Accessory,65,654,手机|手机配件|保护壳|保护膜,BLU Studio Selfie (S070Q){NFW} Tough Hybrid + Dual Layer Shockproof Hybrid Armor Drop Protection Metallic Brushed Finish Case Cover + Screen Protector (VGC Blue),Cell Phones & Accessories,Amazon Reviews 2023,https://m.media-amazon.com/images/I/51ViR3KnDPL._AC_.jpg,3.6,41
B091GMQPL4,LUMARKE 屏幕保护膜,手机,LUMARKE,72,120,手机|手机配件|保护壳|保护膜,"LUMARKE iPhone 11 Case with Tempered Glass Screen Protector,iPhone 11 Cover Military Grade 16ft. Drop Tested Cover with Magnetic Ring Kickstand Protective Phone Case for iPhone 11 6.1 inch Teal",Cell Phones & Accessories,Amazon Reviews 2023,https://m.media-amazon.com/images/I/51WOoZUyq7L._AC_.jpg,4.5,2566
B06Y4FCJDM,TILL 保护壳,手机,TILL,72,614,手机|手机配件|保护壳,"TILL S8 Case, Galaxy S8 Case for Girls Women, TILL Studded Rhinestone Crystal Bling Shock Absorbing Hybrid Defender Rugged Slim Case Cover for Samsung Galaxy S8 S VIII [Turquoise]",Cell Phones & Accessories,Amazon Reviews 2023,https://m.media-amazon.com/images/I/51i0TcZWBLL._AC_.jpg,4.3,249
B07VSF989N,GOOSPERY 保护壳,手机,GOOSPERY,86,191,手机|手机配件|保护壳,GOOSPERY Liquid Silicone Case for Apple iPhone 11 Pro Max (6.5 inches) Jelly Rubber Bumper Case with Soft Microfiber Lining (Lavender Gray),Cell Phones & Accessories,Amazon Reviews 2023,https://m.media-amazon.com/images/I/41e+aEmMN0L._AC_.jpg,3.3,52
B08ZDKNP1J,Raccoon and Possum Wildlife Pals 保护壳,手机,Raccoon and Possum Wildlife Pals,144,788,手机|手机配件|保护壳,Galaxy S20 Possum and Raccoon eating pizza Case,Cell Phones & Accessories,Amazon Reviews 2023,https://m.media-amazon.com/images/I/41iTMqwiukL._AC_.jpg,4.0,1
B005EO9MVA,Technocel 保护壳,手机,Technocel,61,946,手机|手机配件|保护壳,Technocel Holster and Shield Combo - 1 Pack - Case - Bulk Packaging - Black,Cell Phones & Accessories,Amazon Reviews 2023,https://m.media-amazon.com/images/I/31UXhzrc4SL._AC_.jpg,3.9,2
B09DSJVYGF,Awsaccy 保护壳,手机,Awsaccy,79,786,手机|手机配件|保护壳|摄像头,Awsaccy Emily in Paris Phone Case for iPhone 13 6.1 inch Camera Case Vintage Cover Cute 3D Cool Unique Design Silicone Case with Removable Neck Strap Lanyard for Girls Women Black,Cell Phones & Accessories,Amazon Reviews 2023,https://m.media-amazon.com/images/I/41PYsKqeEJL._AC_.jpg,4.4,454
B07V3TQZJD,EGO TACTICAL 保护壳,手机,EGO TACTICAL,288,720,手机|手机配件|保护壳,"Limited Edition - Authentic Made in U.S.A. Magpul Industries Field Case for Apple iPhone 6 / 6S (4.7"") US Flag Desert Digital Camouflage Over FDE",Cell Phones & Accessories,Amazon Reviews 2023,https://m.media-amazon.com/images/I/51c7RdVoCcL._AC_.jpg,4.6,141
B08JV8NLK9,kwmobile 保护壳,手机,kwmobile,50,107,手机|手机配件|保护壳,kwmobile TPU Case Compatible with Apple iPhone SE (2022) / iPhone SE (2020) / iPhone 8 / iPhone 7 - Case Soft Slim Smooth Flexible Protective Phone Cover - Metallic Black,Cell Phones & Accessories,Amazon Reviews 2023,https://m.media-amazon.com/images/I/41Qc6ApRggL._AC_.jpg,4.2,5182
B09BTFPNN4,Harryshell 保护壳,手机,Harryshell,144,705,手机|手机配件|保护壳,"Harryshell [10 Card Slots with [Block Theft Card Scanning] Function, PU Leather Wallet Case Cover Zipper Pocket Wrist Strap Kickstand for Metro PCS TCL Revvl V+ 5G 6.82 inch 2021 (Flower Purple)",Cell Phones & Accessories,Amazon Reviews 2023,https://m.media-amazon.com/images/I/5155FaNPYcL._AC_.jpg,4.2,99
B01AL11CPE,GOOSPERY 保护壳,手机,GOOSPERY,36,100,手机|手机配件|保护壳,Goospery Sonata Wallet for Samsung Galaxy S7 Edge Case (2016) Leather Stand Flip Cover (Black) S7E-Son-BLK,Cell Phones & Accessories,Amazon Reviews 2023,https://m.media-amazon.com/images/I/51aa4InXTgL._AC_.jpg,4.2,52
B07L4K36S5,Fuzewear 手机商品,手机,Fuzewear,86,670,手机|手机配件,Mama Bear Maroon PopSockets PopGrip: Swappable Grip for Phones & Tablets,Cell Phones & Accessories,Amazon Reviews 2023,https://m.media-amazon.com/images/I/41oxe4U8owL._AC_.jpg,4.9,7
B07VY83D9M,BoredKoalas Mandala 手机商品,手机,BoredKoalas Mandala,115,825,手机|手机配件,Moon Rose Mandala Black Sacred Geometry Meditation Zen Gift PopSockets PopGrip: Swappable Grip for Phones & Tablets,Cell Phones & Accessories,Amazon Reviews 2023,https://m.media-amazon.com/images/I/41DBmwh8VaL._AC_.jpg,1.0,2
B08Z3JNBLH,Asuwish 屏幕保护膜,手机,Asuwish,108,524,手机|手机配件|保护壳|保护膜,Asuwish Compatible with Samsung Galaxy S9 Plus Wallet Case Tempered Glass Screen Protector Leather Flip Cover Card Holder Kickstand Stand Cell Phone Cases for Glaxay S9+ 9S 9+ S 9 9plus S9plus Purple,Cell Phones & Accessories,Amazon Reviews 2023,https://m.media-amazon.com/images/I/51ITAc3twWS._AC_.jpg,4.4,62
B0B97Z7H3P,Amazon Renewed 手机商品,手机,Amazon Renewed,1080,283,手机|手机配件,Samsung Galaxy S20 FE 5G UW 128GB for Verizon (Cloud Red) (Renewed),Cell Phones & Accessories,Amazon Reviews 2023,https://m.media-amazon.com/images/I/31imiIwyxcL._AC_.jpg,3.6,15
B075CKCPV7,SKINU 保护壳,手机,SKINU,108,459,手机|手机配件|保护壳,"Galaxy Note 8 Case, Samsung Galaxy Note 8 Card Case Note 8 [Card Slot] [Drop Protection] [Wallet] with Mirror for Galaxy Note 8 - Wood",Cell Phones & Accessories,Amazon Reviews 2023,https://m.media-amazon.com/images/I/51IGV9yi5JL._AC_.jpg,4.3,51
B091KBTD5K,BAISRKE 保护壳,手机,BAISRKE,94,523,手机|手机配件|保护壳,"BAISRKE Compatible with iPhone 12 Case,iPhone 12 Pro Case with Flowers,for Girly Women,Shockproof Floral Pattern Hard Back Cover for Phone Case 6.1 inch 2020 - Daisy",Cell Phones & Accessories,Amazon Reviews 2023,https://m.media-amazon.com/images/I/51CkYKQiE9L._AC_.jpg,4.7,1249
B08ZCV54Z4,Spigen 屏幕保护膜,手机,Spigen,187,108,手机|手机配件|保护壳|保护膜,Spigen Geo Armor 360 [Full Body Protection] Designed for iPhone 12 / iPhone 12 Pro Case with Built-in Screen Protector (2020) - Black,Cell Phones & Accessories,Amazon Reviews 2023,https://m.media-amazon.com/images/I/51+5HS-3jCL._AC_.jpg,4.3,126
B07BMM54W2,Wholesale Gadget Parts 手机商品,手机,Wholesale Gadget Parts,245,502,手机|手机配件,"LCD, Digitizer & Frame Assembly for LG Stylo 2 (LS775) (Black) with Glue Card",Cell Phones & Accessories,Amazon Reviews 2023,https://m.media-amazon.com/images/I/315jID0QxqL._AC_.jpg,3.8,8
B0B87ZGRRY,VASG 屏幕保护膜,手机,VASG,64,729,手机|手机配件|保护壳|保护膜,"VASG [4+4Pack] Waterproof Galaxy Watch 4 / Galaxy Watch 5 Screen Protector and Case 40mm, Tempered Glass Film and Hard PC Bumper Accessories Compatible with Samsung Galaxy Watch 5 40mm Smartwatch",Cell Phones & Accessories,Amazon Reviews 2023,https://m.media-amazon.com/images/I/516q2wLE9tL._AC_.jpg,4.4,244
B07VS7VTBB,Wingcases 保护壳,手机,Wingcases,55,422,手机|手机配件|保护壳,"Wingcases Compatible with iPhone 13 Case 6.1 inch, Black Strong Adhesive Anti Gravity Stick on The Mirror Glass Flat Smooth Surface Only Protective Cell Phone Cover with Dust Proof Film",Cell Phones & Accessories,Amazon Reviews 2023,https://m.media-amazon.com/images/I/31Xv8e0jAgL._AC_.jpg,3.9,2885
B08G4R4P3X,NANW 屏幕保护膜,手机,NANW,72,321,手机|手机配件|保护壳|保护膜,"NANW 4-Pack Screen Protector Case Compatible with Fitbit Sense/Versa 3, Soft TPU Plated Bumper Full Cover Protective Cases for Sense Smartwatch [Scratch-Proof] (Black/Charcoal/Silver/Rosegold)",Cell Phones & Accessories,Amazon Reviews 2023,https://m.media-amazon.com/images/I/41Z7heEAnAL._AC_.jpg,4.4,6392
B07MNVRCHZ,Z-GEN 保护壳,手机,Z-GEN,64,495,手机|手机配件|保护壳,"Z-GEN - Compatible with T-Mobile REVVL 2 (5.5"") REVVL2 5052W - Hybrid Image Hard Case - AD1 Blue Flower",Cell Phones & Accessories,Amazon Reviews 2023,https://m.media-amazon.com/images/I/51mNK7jmjUL._AC_.jpg,4.3,442
B096RWT9BS,Kesuwe 屏幕保护膜,手机,Kesuwe,43,360,手机|手机配件|保护膜|保护壳,"Kesuwe [3 Pack] Screen Protector For OnePlus 7T Tempered Glass, 9H Hardness, Bubble Free, Anti Scratch, Easy to Install, Case Friendly",Cell Phones & Accessories,Amazon Reviews 2023,https://m.media-amazon.com/images/I/51mGOuNSZkL._AC_.jpg,4.5,25
B0BHJKM1Y6,Antsturdy 保护壳,手机,Antsturdy,108,781,手机|手机配件|保护壳,"Antsturdy for Samsung Galaxy A23 5G Wallet Case [RFID Blocking] [Zipper Poket] PU Leather Flip Folio Protective Shockproof Cover with Slots Magnetic Credit Card Holder Kickstand Men Women,Sky Blue",Cell Phones & Accessories,Amazon Reviews 2023,https://m.media-amazon.com/images/I/51g2S4pATOL._AC_.jpg,5.0,2
B01J96SG8S,Spigen 保护壳,手机,Spigen,79,562,手机|手机配件|保护壳,Spigen Rugged Armor Designed for Apple iPhone 8 Case (2017) / Designed for iPhone 7 Case (2016) - Black,Cell Phones & Accessories,Amazon Reviews 2023,https://m.media-amazon.com/images/I/51vkqMTx-pL._AC_.jpg,4.7,16193
B01459NZYO,DeltaShield 屏幕保护膜,手机,DeltaShield,50,71,手机|手机配件|保护膜|摄像头,"BLU Studio C Super Camera Screen Protector [2-Pack], DeltaShield BodyArmor Full Coverage Screen Protector for BLU Studio C Super Camera Military-Grade Clear HD Anti-Bubble Film",Cell Phones & Accessories,Amazon Reviews 2023,https://m.media-amazon.com/images/I/51tRIgdoEzL._AC_.jpg,2.0,1
B01MXUW7LU,SAMSUNG 摄像头,手机,SAMSUNG,1442,303,手机|手机配件|摄像头,Samsung Galaxy S7 G930a 32GB AT&T Unlocked 4G LTE Smartphone W/ 12MP Camera - Rose Gold,Cell Phones & Accessories,Amazon Reviews 2023,https://m.media-amazon.com/images/I/41caGKbgljL._AC_.jpg,3.6,20
B08C2XXLMJ,Asdsinfor 保护壳,手机,Asdsinfor,79,575,手机|手机配件|保护壳,Asdsinfor Galaxy A71 5G Case 3D Full Stylish Advanced Embossing Wallet Case Credit Cards Slot with Stand for PU Leather Shockproof Flip Magnetic Case for Samsung Galaxy A71 5G Wolf YX,Cell Phones & Accessories,Amazon Reviews 2023,https://m.media-amazon.com/images/I/51aB4LHiuHL._AC_.jpg,3.6,19
B09DKRKCNV,E-Tree 保护壳,手机,E-Tree,108,432,手机|手机配件|保护壳,"E-Tree Crossbody Lanyard Case for Samsung Galaxy S10 Plus with Kickstand Stand, Shockproof Dual Layered (Hard PC with Soft TPU), Anti-Lost Detachable Neck Strap for Outdoors Elderly Kids, etc Blue",Cell Phones & Accessories,Amazon Reviews 2023,https://m.media-amazon.com/images/I/416BiqCeifL._AC_.jpg,4.1,211
B08GFG5KZZ,Spigen 保护壳,手机,Spigen,122,315,手机|手机配件|保护壳,Spigen Tough Armor [Extreme Protection Tech] Designed for Oneplus 8T Case (2020) - Black,Cell Phones & Accessories,Amazon Reviews 2023,https://m.media-amazon.com/images/I/417oU8Nw20L._AC_.jpg,4.7,1407
B083F225NQ,OMECKY 手机商品,手机,OMECKY,72,130,手机|手机配件,"OMECKY [Spring Bar] Connectors Compatible with Apple Watch Band Adapter, Silver (3 Pack)",Cell Phones & Accessories,Amazon Reviews 2023,https://m.media-amazon.com/images/I/410uLKK6fpL._AC_.jpg,4.4,271
B09KS9VPVY,PRO-KRANOL 手机商品,手机,PRO-KRANOL,65,732,手机|手机配件,"Nylon Bands Compatible with Apple Watch 38mm 40mm 41mm 42mm 44mm 45mm 49mm, Sport Band Soft Breathable Nylon Replacement for iWatch Series Ultra/8/7/6/5/4/3/2/1/SE/ (Red, 42/44/45/49mm)",AMAZON FASHION,Amazon Reviews 2023,https://m.media-amazon.com/images/I/51BHbdo+noL._AC_.jpg,4.1,28
B094SQ3WX9,KIQUE 保护壳,手机,KIQUE,196,701,手机|手机配件|保护壳,"KIQUE Crossbody Phone Case and Wallet - for iPhone 11 11 Pro 11 Pro Max XR 12/12 Pro 12 Pro Max (Brown, iPhone 11)",Cell Phones & Accessories,Amazon Reviews 2023,https://m.media-amazon.com/images/I/417y19wCH7L._AC_.jpg,4.2,326
B07FWNKL9S,Cute Great Dane Gifts and Accessories 手机商品,手机,Cute Great Dane Gifts and Accessories,108,241,手机|手机配件,Cute Great Dane Gifts and Accessories PopSockets PopGrip: Swappable Grip for Phones & Tablets,Cell Phones & Accessories,Amazon Reviews 2023,https://m.media-amazon.com/images/I/51pK5D8HA1L._AC_.jpg,4.4,11
B07TWY63G1,Wowtastic! 手机商品,手机,Wowtastic!,108,741,手机|手机配件,Colorado Rocky Mountains Colorado State Flag for Coloradan PopSockets PopGrip: Swappable Grip for Phones & Tablets,Cell Phones & Accessories,Amazon Reviews 2023,https://m.media-amazon.com/images/I/515v6EiItAL._AC_.jpg,4.0,5
B0826P4LNV,Dionsibei 保护壳,手机,Dionsibei,71,425,手机|手机配件|保护壳,"Military Grade Drop Impact for Motorola Moto E5 Case,[Moto G6 Play Case] 5.7 inch 360 Metal Rotating Ring Kickstand Holder Magnetic Car Mount Armor Heavy Duty Case Moto E5 G6 Play Case (Black)",Cell Phones & Accessories,Amazon Reviews 2023,https://m.media-amazon.com/images/I/51+MxYvUNML._AC_.jpg,4.0,726
B09ZTKZSJT,MRGLAS 屏幕保护膜,手机,MRGLAS,115,793,手机|手机配件|保护膜,MRGLAS 2-Pack [Auto Alignment Kit] Privacy Screen Protector Compatible iPhone 12 / iPhone 12 Pro 6.1 9H Tempered Glass [10X Military Shockproof] Diamonds HD Glass Film[Anti-Spy],Cell Phones & Accessories,Amazon Reviews 2023,https://m.media-amazon.com/images/I/51Ow4yxUr2L._AC_.jpg,4.3,95
B0B4NBPH6L,DNLDHSN 保护壳,手机,DNLDHSN,101,864,手机|手机配件|保护壳,DNLDHSN Shockproof Phone Case Silky-Soft Silicone Cover with Microfiber Lining Case for iPhone 11 6.1 inch (Comics-01),Cell Phones & Accessories,Amazon Reviews 2023,https://m.media-amazon.com/images/I/41x6zq-lJOL._AC_.jpg,4.3,17
B09J8L73KM,Emilydeals 保护壳,手机,Emilydeals,180,123,手机|手机配件|保护壳|充电器,"Wireless Charging Case Compatible with Samsung Galaxy Buds, Replacement Charger Case Cover for Galaxy Buds SM-R170 Earbuds (Black)",Cell Phones & Accessories,Amazon Reviews 2023,https://m.media-amazon.com/images/I/31-NEAhLEML._AC_.jpg,4.2,142
B0BNKZH3ND,Casewind 镜头保护膜,手机,Casewind,137,312,手机|手机配件|保护壳|保护膜|摄像头,"Samsung Galaxy S23 Ultra Case,S23 Ultra Case Wallet,Glitter Sparkle 5 Card Holder Kickstand 360°Rotation Ring with 1xCamera Lens Protector Shockproof Protective Galaxy S23 Ultra Case,6.8Inch,Rose Gold",Cell Phones & Accessories,Amazon Reviews 2023,https://m.media-amazon.com/images/I/51jtA2-1BSL._AC_.jpg,4.4,20
B07X9H3WC4,Solomo 保护壳,手机,Solomo,65,382,手机|手机配件|保护壳,"iPhone 12 Pro Max Case, Solomo Glitter Luxury Sparkle Rainbow Gradual Protective Case Cover with Bling Diamond Soft TPU Bumper for iPhone 12 Pro Max 6.7'' 2020 (Gradual Pink)",Cell Phones & Accessories,Amazon Reviews 2023,https://m.media-amazon.com/images/I/61lRr0f94NL._AC_.jpg,4.3,643
B09P4VGJQZ,M MOHEYO 保护壳,手机,M MOHEYO,266,257,手机|手机配件|保护壳|充电器,MOHEYO Designed for iPhone 13 Case Compatible with MagSafe Charger Magnetic Removable Wallet Card Holder Slim Thin Leather Cover (Blue),Cell Phones & Accessories,Amazon Reviews 2023,https://m.media-amazon.com/images/I/51rJRSOd7zL._AC_.jpg,4.1,71
B08K4H7Z5H,MNBVCXZ 手机商品,手机,MNBVCXZ,122,902,手机|手机配件,MNBVCXZ Compatible with Apple Watch Band 38mm 40mm 41mm 42mm 44mm 45mm 49mm Women Men Girls Boys Genuine Leather Replacement Strap for iWatch Series 8 7 6 5 4 3 2 1 iWatch Ultra SE (Camel/Rose gold),AMAZON FASHION,Amazon Reviews 2023,https://m.media-amazon.com/images/I/51WmQ3IP7qL._AC_.jpg,4.5,5320
B07HKT9YGL,Ace Armorshield 屏幕保护膜,手机,Ace Armorshield,64,418,手机|手机配件|保护膜,Ace Armor Shield (6 Pack) Premium HD Waterproof Screen Protector compatible for the Apple Watch Series 6 40MM,Cell Phones & Accessories,Amazon Reviews 2023,https://m.media-amazon.com/images/I/51WW-onrC3L._AC_.jpg,4.1,18
B0BN3WZX63,KANGHAR 保护壳,手机,KANGHAR,115,113,手机|手机配件|保护壳,KANGHAR Square Case Compatible with iPhone 12 Pro Max Luxury Cute Plating Design Square Case Full-Body Anti-Scratch Shockproof Bumper Protective Cover for iPhone 12 Pro Max 6.7 Inch Black,Cell Phones & Accessories,Amazon Reviews 2023,https://m.media-amazon.com/images/I/41pPsRN0KbL._AC_.jpg,4.3,46
B08NCRN493,CAFEWICH 保护壳,手机,CAFEWICH,79,602,手机|手机配件|保护壳,CAFEWICH Case for iPhone 12 Pro Max (6.7'' Display) - Defender Heavy Duty 3 in 1 Tough Rugged Shockproof Dustproof Drop Protective Phone Cover for iPhone 12 ProMax (Black),Cell Phones & Accessories,Amazon Reviews 2023,https://m.media-amazon.com/images/I/51SRiGkNIYL._AC_.jpg,4.5,507
B08XJLJ9K5,SZFIRSTEY 保护壳,手机,SZFIRSTEY,101,331,手机|手机配件|保护壳,"Szfirstey Case with Belt-Clip Holster for Galaxy S21 Ultra,Full Body Rugged Shock Dust Proof Military Protective Tough Phone Cover Heavy Duty for Samsung Galaxy S21 Ultra (Camouflage)",Cell Phones & Accessories,Amazon Reviews 2023,https://m.media-amazon.com/images/I/41VPPwRZvSL._AC_.jpg,4.4,258
B091Q1D519,Coqibel 保护壳,手机,Coqibel,86,125,手机|手机配件|保护壳|摄像头,"Coqibel Liquid Silicone Case for OnePlus 9 Pro (6.7”Inch), Gel Rubber Full Camera Protection Shockproof Water Dust Resistant Cover Slim Soft Microfiber Lining [Light Purple]",Cell Phones & Accessories,Amazon Reviews 2023,https://m.media-amazon.com/images/I/411xf6b+UfL._AC_.jpg,4.1,25
B07S744K5Y,Sinwere 保护壳,手机,Sinwere,72,250,手机|手机配件|保护壳|保护膜,"Sinwere Cute Retro Classic Cellular Phone Shaped Case for iPhone 6/6S/7/8(4.7''), Soft Silicone 3D Cartoon Cover,Kids Girls Rubber Protector for iPhone 6/6S/7/8 (4.7"") (Pink)",Cell Phones & Accessories,Amazon Reviews 2023,https://m.media-amazon.com/images/I/31o7SLphN1L._AC_.jpg,4.5,202
B07P6P9JXR,suily 保护壳,手机,suily,101,649,手机|手机配件|保护壳,"suily Cell Phone Belt Holster Waist Pouch, 5.5"" Universal Vertical Leather Flip Cover Phone Belt Clip Case Magnetic Closure Pouch for iPhone 6 Plus/7 Plus/8 Plus Samsung Android Phones(Brown)",Cell Phones & Accessories,Amazon Reviews 2023,https://m.media-amazon.com/images/I/51Y5M7tVKoL._AC_.jpg,4.2,294
B0BHNN2XYZ,JETech 保护壳,手机,JETech,72,696,手机|手机配件|保护壳,"JETech Slim Fit Case for Google Pixel 7, Thin Phone Cover Matte Finish with Shock-Absorption and Carbon Fiber Design (Dark Green)",Cell Phones & Accessories,Amazon Reviews 2023,https://m.media-amazon.com/images/I/41Bnn3HjeLL._AC_.jpg,4.4,161
B0BGR3RM25,ENYTDMO 保护壳,手机,ENYTDMO,101,883,手机|手机配件|保护壳,"ENYTDMO for iPhone 14 Luxury Shiny Crystal Rhinestone Diamond Case, 3D Glitter Sparkle Bling Case for Women Girls, Cute Aesthetic Heart Gems Soft TPU Case Cover for iPhone 14 6.1''",Cell Phones & Accessories,Amazon Reviews 2023,https://m.media-amazon.com/images/I/51OWbhSF7VL._AC_.jpg,4.1,85
B08VYBKGR9,Skinit 保护壳,手机,Skinit,158,413,手机|手机配件|保护壳,Skinit Clear Phone Case Compatible with Samsung Galaxy S21 Ultra 5G - Officially Licensed NFL Dallas Cowboys Black & White Design,Cell Phones & Accessories,Amazon Reviews 2023,https://m.media-amazon.com/images/I/41409LrBZJL._AC_.jpg,4.5,14
B096ZYVJ6R,Trswyop 保护壳,手机,Trswyop,187,635,手机|手机配件|保护壳|充电器,"Battery Case for Samsung Galaxy Note 20 Ultra,[8500mAh] Protective Portable Charging Case Rechargeable Charger Case Extended Battery Pack for Samsung Galaxy Note 20 Ultra 5G (6.9 inch)",Cell Phones & Accessories,Amazon Reviews 2023,https://m.media-amazon.com/images/I/41Ohs6XLjSL._AC_.jpg,3.7,497
B083866V96,Bynccea 充电器,手机,Bynccea,101,172,手机|手机配件|充电器|数据线,"Bynccea Micro USB Cable 6FT 4-Pack Phone Charger Android Nylon Braided Android Charger Cables Fast Charging Compatible with Samsung Galaxy J8/J7/S7/S6/Edge,Note5,LG,Sony,HTC,Moto,Xbox,PS4",Industrial & Scientific,Amazon Reviews 2023,https://m.media-amazon.com/images/I/51EkndGrSZL.jpg,4.2,33
B0BLRLXVP1,LYWHL 屏幕保护膜,手机,LYWHL,50,783,手机|手机配件|保护膜|保护壳,"LYWHL [3 Pack] for Samsung Galaxy A14 5G Screen Protector, Tempered Glass HD Clear 9H Hardness Protector Film for Galaxy A14, Anti Scratch Bubble Free Easy Installation Case Friendly - Transparent",Cell Phones & Accessories,Amazon Reviews 2023,https://m.media-amazon.com/images/I/419NGZ4SClL._AC_.jpg,4.6,34
B007BO7MVS,DUNGZA 保护壳,手机,DUNGZA,50,64,手机|保护壳,CASE FOR SAMSUNG EPIC GALAXY SII T989 for T-mobile WITH Adjustable Stand Two piece case Hard Shell that Protect your phone and soft Silicone for (BLACK/PINK),Cell Phones & Accessories,Amazon Reviews 2023,https://m.media-amazon.com/images/I/41XpXgIXsKL._AC_.jpg,4.2,74
B0C6BLGHXV,Scooch 保护壳,手机,Scooch,144,124,手机|手机配件|保护壳,"Scooch Wingman Kickstand Case Compatible with iPhone 11 PRO (Not iPhone 11) Case [10 ft Drop Protection] [Two-Way Stand] Protective Cover, Works with Magnetic Car Mount (Black)",Cell Phones & Accessories,Amazon Reviews 2023,https://m.media-amazon.com/images/I/416LgcNe4HL._AC_.jpg,4.5,2073
B08LTGKZ3X,SopiGuard 手机商品,手机,SopiGuard,72,732,手机|手机配件|保护壳,SopiGuard Sticker Skin for iPhone 12 Pro Precision Edge-to-Edge Back and Sides Vinyl Decal (Matte Red),Cell Phones & Accessories,Amazon Reviews 2023,https://m.media-amazon.com/images/I/31dzyEYDUxL._AC_.jpg,3.8,134
B01HTIQC66,ITART 手机商品,手机,ITART,79,788,手机|手机配件,ITART Plastic Flexible Long Arms Gooseneck Clip Clamp Stand Universal Cell Phone Holder - Black,Cell Phones & Accessories,Amazon Reviews 2023,https://m.media-amazon.com/images/I/41ONneHORTL._AC_.jpg,3.4,4216
B09VXDNTJZ,GDDJONG 保护壳,手机,GDDJONG,50,923,手机|手机配件|保护壳|摄像头,"GDDJONG for Samsung Galaxy S21 FE 5G Case with Slide Camera Cover & Kickstand, [Military Grade] Built-in 360° Rotate Ring Kickstand Magnetic Cover Case for Samsung S21 FE 5G 6.4"" (2022) (Gold)",Cell Phones & Accessories,Amazon Reviews 2023,https://m.media-amazon.com/images/I/51-G6mHKARL._AC_.jpg,3.6,14
B0BL7BBYV2,SZLCKE 充电器,手机,SZLCKE,288,741,手机|手机配件|充电器,"SZLCKE Wireless Portable Charger, 10000mAh Magnetic Power Bank PD 22.5W Fast Charging, QC3.0 USB-C LED Display Mag-Safe Battery Pack Compatible for iPhone 14/13/12/ Pro Max/Pro/Mini (Blue)",All Electronics,Amazon Reviews 2023,https://m.media-amazon.com/images/I/41H7JgkmqnL._AC_.jpg,4.3,51
B0C1HHH8SV,OLMAQO 手机商品,手机,OLMAQO,79,153,手机|手机配件,"Nylon Sport Loop Band Compatible with Apple Watch Bands 49mm 38mm 40mm 41mm 42mm 44mm 45mm, Women Men Braided Elastic Wristbands Replacement Band for iWatch Ultra Series 8 7 6 5 4 3 2 1 SE",AMAZON FASHION,Amazon Reviews 2023,https://m.media-amazon.com/images/I/511viukQKbL._AC_.jpg,4.3,545
B09BKWDSZX,SunStory 保护壳,手机,SunStory,65,274,手机|手机配件|保护壳,"SunStory Compatible with Galaxy Z Flip 3 Case,Samsung Z Flip 3 Case [Military Grade16ft. Drop Tested] with Magnetic Kickstand Car Mount Cover for Samsung Galaxy Z Flip 3 5G 2021(Bracket Black)",Cell Phones & Accessories,Amazon Reviews 2023,https://m.media-amazon.com/images/I/51SbmyMH-xL._AC_.jpg,3.9,289
B00MV6AR4A,Heininger 手机商品,手机,Heininger,145,0,手机|手机配件,Heininger 1043 CommuteMate Handle Bar Cell Phone Mount,Automotive,Amazon Reviews 2023,https://m.media-amazon.com/images/I/41YyWDjAfwL._AC_.jpg,2.8,17
B0B1CDBK56,Toppix 保护壳,手机,Toppix,57,479,手机|手机配件|保护壳,"Toppix Compatible with Motorola One 5G Ace (One 5G UW Ace) Case, Soft TPU Bumper Flexible [Shock Absorption] [Carbon Fiber Texture] Protective Cover, Black",Cell Phones & Accessories,Amazon Reviews 2023,https://m.media-amazon.com/images/I/414co6HQryL._AC_.jpg,2.0,1
B0BTTT92HB,AMSKY 手机商品,手机,AMSKY,108,150,手机|手机配件,"6 Pack Sport Bands Compatible with Apple Watch Band 38mm 40mm 41mm 42mm 44mm 45mm 49mm,Soft Silicone Waterproof Strap Compatible with iWatch Apple Watch Series Ultra 8 7 6 5 4 3 2 1 SE Women Men",Cell Phones & Accessories,Amazon Reviews 2023,https://m.media-amazon.com/images/I/51muKT5LJCL._AC_.jpg,4.7,23179
B07HFHVRCN,NewFrontier 保护壳,手机,NewFrontier,72,961,手机|手机配件|保护壳,"Case for iPhone XS Max 2018, 2-in-1 Holster case & Belt Clip, Full Body Edge-to-Edge Protection[Frustration Free] [Heavy Duty Protection][Shock Reduction] for iPhone 2018 (HVDC Pink/White)",Cell Phones & Accessories,Amazon Reviews 2023,https://m.media-amazon.com/images/I/415eorqp+UL._AC_.jpg,5.0,2
B00QXODI0G,Skinomi 屏幕保护膜,手机,Skinomi,50,802,手机|手机配件|保护膜,Skinomi Matte Screen Protector Compatible with BLU Life Pro Anti-Glare Matte Skin TPU Anti-Bubble Film,Cell Phones & Accessories,Amazon Reviews 2023,https://m.media-amazon.com/images/I/5126Of2LEuL._AC_.jpg,5.0,1
B08NTXYVXV,Lili's Design 保护壳,手机,Lili's Design,130,258,手机|手机配件|保护壳,iPhone 11 Galaxy Constellations Astronomy Stars Sky Doodle Moon Design Case,Cell Phones & Accessories,Amazon Reviews 2023,https://m.media-amazon.com/images/I/41HZK+seCJL._AC_.jpg,5.0,1
B07LFVPQRT,CaseExpert 保护壳,手机,CaseExpert,63,345,手机|手机配件|保护壳,"CaseExpert Sony Xperia 10 Plus Case, Air Hybrid Ultra Slim Shockproof Crystal Clear Back Protective Case with TPU Bumper Cover for Sony Xperia 10 Plus",Cell Phones & Accessories,Amazon Reviews 2023,https://m.media-amazon.com/images/I/41Iw7LIAWmL._AC_.jpg,4.7,3
B088GRVRW6,ZHEGAILIAN 保护壳,手机,ZHEGAILIAN,108,320,手机|手机配件|保护壳,"iPhone 8 Plus Case,9H Tempered Glass iPhone 7 Plus Cases for Girls Women, Golden Diamond Mandala Pattern Shockproof Anti-Scratch Case for Apple iPhone 7/8 Plus 5.5 inch Golden Diamond Mandala",Cell Phones & Accessories,Amazon Reviews 2023,https://m.media-amazon.com/images/I/51FkVVjvKtL._AC_.jpg,4.3,1025
B0B1V473RG,CASEVASN 保护壳,手机,CASEVASN,58,407,手机|手机配件|保护壳,"Galaxy A13 LTE / A13 4G Case Clear, [Not fit for Galaxy A13 5G] CASEVASN Slim Thin Flexible TPU Scratch Resistant Gel Rubber Soft Silicone Protective Phone Case Cover for Samsung Galaxy A13 4G (Clear)",Cell Phones & Accessories,Amazon Reviews 2023,https://m.media-amazon.com/images/I/41S1xPeFbHL._AC_.jpg,4.5,11
B0923LWHJS,RANYOK 保护壳,手机,RANYOK,91,705,手机|手机配件|保护壳,"RANYOK Compatible with Galaxy A32 5G Wallet Case, Premium PU Leather Zipper Flip Folio RFID Blocking Wallet with Card Slot Wrist Strap Magnetic Closure Built-in Kickstand Protective Case (Baby Blue)",Cell Phones & Accessories,Amazon Reviews 2023,https://m.media-amazon.com/images/I/51nCzlANv4L._AC_.jpg,4.5,282
B0BWRKVXHP,EzyPutse 屏幕保护膜,手机,EzyPutse,57,142,手机|手机配件|保护膜|摄像头,"EzyPutse 4 Pack Camera Lens Protector Compatible for iPhone 14/14 Max, Anti Scratch HD Tempered Metal Glass Camera Cover Screen Protector Film for iPhone 14 & iPhone 14 Max, Black",Cell Phones & Accessories,Amazon Reviews 2023,https://m.media-amazon.com/images/I/51hdBrOKpUL._AC_.jpg,4.5,132
B07W2X3G92,FLOCUTE 保护壳,手机,FLOCUTE,94,139,手机|手机配件|保护壳,"FLOCUTE Galaxy Note 10 Case, Galaxy Note 10 Glitter Christmas Case Bling Sparkle Floating Liquid Soft TPU Cushion Luxury Fashion Girly Women Cute Case for Samsung Galaxy Note 10 (Christmas Tree)",Cell Phones & Accessories,Amazon Reviews 2023,https://m.media-amazon.com/images/I/5124udoFvgL._AC_.jpg,4.6,182
B0C3J5DHG3,OtterBox 手机商品,手机,OtterBox,288,451,手机|手机配件|保护壳,OtterBox COMMUTER SERIES for iPhone 14 & iPhone 13 - DONT BE BLUE (Blue),Cell Phones & Accessories,Amazon Reviews 2023,https://m.media-amazon.com/images/I/41wSeEYZaLL._AC_.jpg,4.7,911
B07D3N2M33,CloudValley 手机商品,手机,CloudValley,58,553,手机|手机配件,"CloudValley Sticky Gel Pads - Gripping Pad [5 Pack], Multifunctional Sticky Cell Pad, Non-Slip mats Holds Cell Phones, Coins, Golf Cart, Boating, Speakers",Cell Phones & Accessories,Amazon Reviews 2023,https://m.media-amazon.com/images/I/5113s4ME1-L._AC_.jpg,4.0,1326
B09MH8ZCGR,Iokmax 屏幕保护膜,手机,Iokmax,58,927,手机|手机配件|保护壳|保护膜,"Iokmax for Moto G Pure Case with HD Screen Protector,Moto G Pure Case Kickstand [Military Grade] Drop Tested Cover with Magnetic Kickstand Car Mount Silicone Protective Case for Motorola Moto G Pure",Cell Phones & Accessories,Amazon Reviews 2023,https://m.media-amazon.com/images/I/414bQ0GzvkL._AC_.jpg,4.7,41
B098KK5HNN,GYZYA 保护壳,手机,GYZYA,108,257,手机|手机配件|保护壳,"GYZYA Case for iPhone 12 and iPhone 12 Pro 6.1 Inch Case Clear with Design, Soft Slim TPU Cover + Hard PC Bumper of Shockproof Protection Case for Women (Art Painting)",Cell Phones & Accessories,Amazon Reviews 2023,https://m.media-amazon.com/images/I/415NhMhNeeL._AC_.jpg,4.4,355
B0BBFX8Y4T,Osophter 屏幕保护膜,手机,Osophter,72,593,手机|手机配件|保护壳|保护膜,Osophter for T-Mobile Revvl 6 Pro 5G Case Clear Flower with 2pcs Screen Protector Reinforced Corners TPU Shock-Absorption Flexible Cell Phone Cover for T-Mobile Revvl 6 Pro 5G(White Lace),Cell Phones & Accessories,Amazon Reviews 2023,https://m.media-amazon.com/images/I/51omqYStZtL._AC_.jpg,4.1,50
B0BXS9D71Q,Hehighti 手机商品,手机,Hehighti,86,305,手机|手机配件,"4 Pack Bands Compatible with Apple Watch Band 40mm 38mm 41mm 42mm 44mm 45mm for Women, Slim Thin Narrow Replacement Wristbands Soft Silicone Sport Strap for iWatch Band Series 8 7 6 5 4 3 2 1 SE",AMAZON FASHION,Amazon Reviews 2023,https://m.media-amazon.com/images/I/418cg+9-rRL._AC_.jpg,4.8,66
B01HM6HIJ0,Hermitshell 保护壳,手机,Hermitshell,72,595,手机|手机配件|保护壳,Fits Apple Pencil MK0C2ZM/A Hard EVA Protective Case Carrying Pouch Cover Bag by Hermitshell,Computers,Amazon Reviews 2023,https://m.media-amazon.com/images/I/41jnE52JjtL._AC_.jpg,4.4,96
B09Q89F8CG,LETANG 屏幕保护膜,手机,LETANG,87,890,手机|保护膜,"[3 Pack] Galaxy S22 Ultra Screen Protector,9H Tempered Glass Screen Protector Scratch Resistant, Ultrasonic Fingerprint Support, 3D HD Curved, For Samsung Galaxy S22 Ultra 5G 6.8""",Cell Phones & Accessories,Amazon Reviews 2023,https://m.media-amazon.com/images/I/41BgTLWhyGL._AC_.jpg,3.1,31
B07596JRNN,LeYi 屏幕保护膜,手机,LeYi,40,208,手机|手机配件|保护壳|保护膜,"Samsung A02S Phone Case, Galaxy A02S Case with 2 Pack Tempered Glass Screen Protector for Women Men, LeYi Liquid Silicone Slim Gel Rubber Silky-Soft Phone Case Cover for A02S Samsung 5G, Black",Cell Phones & Accessories,Amazon Reviews 2023,https://m.media-amazon.com/images/I/418Ucdn5eBL._AC_.jpg,4.4,1111
B07Q9M384N,ZCDAYE 保护壳,手机,ZCDAYE,94,746,手机|手机配件|保护壳,"ZCDAYE Wallet Case for iPhone XR,Bling Glitter Sparkly Zipper PU Leather Magnetic Flip Folio Card Pockets Holder with Wrist Strap Stand Protective Case Cover for iPhone XR - Silver",Cell Phones & Accessories,Amazon Reviews 2023,https://m.media-amazon.com/images/I/61LAW8TR8ZL._AC_.jpg,4.2,212
B086MG9VVT,ZHEGAILIAN 保护壳,手机,ZHEGAILIAN,79,626,手机|手机配件|保护壳,"iPhone 6s Plus Case,Black Girl 9 iPhone 6 Plus Cases for Women Girls,Anti-Slip Drop Protection with Soft TPU Bumper Pattern Design Case for Apple iPhone 6/6s Plus",Cell Phones & Accessories,Amazon Reviews 2023,https://m.media-amazon.com/images/I/51o3tMr0IGL._AC_.jpg,4.5,44
B07KYSXTXX,LEX ALTERN 保护壳,手机,LEX ALTERN,86,80,手机|手机配件|保护壳,LEX ALTERN TPU Case Google Pixel 7 Pro 6a 5a XL 4a 5G 2 XL 3 XL 3a XL 4 XL Slim fit Clear Honeycomb Design Green Smooth Print Art Geometric Luxury Blue Soft Lightweight Cover Abstract Art,Cell Phones & Accessories,Amazon Reviews 2023,https://m.media-amazon.com/images/I/517MCBG4M0L._AC_.jpg,5.0,1
B07SFZCYNS,32nd 保护壳,手机,32nd,173,829,手机|手机配件|保护壳,"32nd Classic Series - Real Leather Book Wallet Case Cover for Apple iPhone 4 & 4S, Real Leather Design with Card Slot, Magnetic Closure and Built in Stand - Rose Pink",All Electronics,Amazon Reviews 2023,https://m.media-amazon.com/images/I/41cQ+amd4+L._AC_.jpg,4.4,40
B06XKKLGSG,Simpeak 手机商品,手机,Simpeak,99,861,手机|手机配件,"Simpeak Frame Compatible with Fitbit Blaze, Pack of 3,Stainless Steel Metal Frame Replacement for Fitbit Blaze, Black, Silver, Rose Gold",Cell Phones & Accessories,Amazon Reviews 2023,https://m.media-amazon.com/images/I/41rZoSAJXNL._AC_.jpg,4.5,408
B07W7DJHP2,Skinomi 屏幕保护膜,手机,Skinomi,72,230,手机|手机配件|保护膜,Skinomi Screen Protector Compatible with Samsung Galaxy Watch Active2 (40mm)(6-Pack) Clear TechSkin TPU Anti-Bubble HD Film,Cell Phones & Accessories,Amazon Reviews 2023,https://m.media-amazon.com/images/I/51sgHzMqRdL._AC_.jpg,3.8,4
B07CQWFCTW,NJJEX 保护壳,手机,NJJEX,94,888,手机|手机配件|保护壳,"Njjex for Galaxy S9 Plus Case, for Samsung Galaxy S9+ S9 Plus Case, [Nbeck] Shockproof Heavy Duty Rugged Holster Locking Swivel Belt Clip Full Body Hard Shell Cover Phone Case & Kickstand [Blue]",Cell Phones & Accessories,Amazon Reviews 2023,https://m.media-amazon.com/images/I/51xlMN0jwYL._AC_.jpg,4.0,230
B09TVJHG8T,LaoFas 充电器,手机,LaoFas,86,408,手机|手机配件|充电器|数据线,"Samsung Adaptive Fast Charger Kit,LaoFas Quick Charge USB Wall Charger for Samsung Galaxy S10/S9/S8/S8 Plus/Note8/9(2 Type-C Cables + 2 Wall Charger)Charge up to 50% Faster (Black)",Cell Phones & Accessories,Amazon Reviews 2023,https://m.media-amazon.com/images/I/312TNrff+eL._AC_.jpg,4.2,4043
B0B1CG54LQ,WUZMINR 手机商品,手机,WUZMINR,53,482,手机|手机配件|办公,"Wall Mount Phone Holder,WUZMINR Phone Wall Mount,Extendable Adjustable Cellphone Stand for Desk Mirror Bathroom Bedroom Kitchen Office,Compatible with iPhone Or Other Smartphones&Tablets (White)",All Electronics,Amazon Reviews 2023,https://m.media-amazon.com/images/I/31F7pDkIY7L._AC_.jpg,4.2,38
B08BZJVBZS,YWLRONG 手机商品,手机,YWLRONG,144,593,手机|手机配件,YWLRONG Replacement for Motorola Moto G Play 2021 XT2093-3 XT2093-6 XT2093-7 XT2093DL LCD Screen Replacement Touch Display Digitizer Assembly with Repair Tool Kit(Black),Cell Phones & Accessories,Amazon Reviews 2023,https://m.media-amazon.com/images/I/510cS+6oxLL._AC_.jpg,2.7,5
B0BT9Q4CPB,YWXTW 镜头保护膜,手机,YWXTW,79,878,手机|手机配件|保护膜|保护壳|摄像头,"YWXTW 1 Pack for Google Pixel 7 Pro Camera Lens Protector, Anti-Scratch Case Friendly Easy Installation 9H Tempered Glass Camera Lens Cover Compatible with Google Pixel 7 Pro 2022",Cell Phones & Accessories,Amazon Reviews 2023,https://m.media-amazon.com/images/I/41WO8QmpKEL._AC_.jpg,4.3,234
B012BVTWVS,ILLUMISHIELD 屏幕保护膜,手机,ILLUMISHIELD,50,774,手机|手机配件|保护膜,ILLUMI AquaShield Screen Protector Compatible with Sonim XP5 (2-Pack) No-Bubble High Definition Clear Flexible TPU Film,Cell Phones & Accessories,Amazon Reviews 2023,https://m.media-amazon.com/images/I/51NdCBLfPPL._AC_.jpg,5.0,2
B0B9287BCK,SPIDERCASE 保护壳,手机,SPIDERCASE,151,986,手机|手机配件|保护壳,"SPIDERCASE for Samsung Galaxy Z Fold 4 Case, [10 FT Military Grade Drop Protection] [Non-Slip] Built-in Stand Support Magnetic Kickstand Car Mount, Heavy Duty Shockproof Protective Case, Black",Cell Phones & Accessories,Amazon Reviews 2023,https://m.media-amazon.com/images/I/51afsFe5mnL._AC_.jpg,2.1,9
B09MKKNVBS,Aliruke 屏幕保护膜,手机,Aliruke,72,201,手机|手机配件|保护壳|保护膜,"Aliruke for Motorola Edge 2021 Case, Moto Edge 5G UW Case with Glass Screen Protector and Finger Ring Kickstand, Military Grade Shockproof Car Mount Cover PC TPU Phone Case for Moto Edge 2021, Red",Cell Phones & Accessories,Amazon Reviews 2023,https://m.media-amazon.com/images/I/511FoweSKOL._AC_.jpg,4.6,82
B09S9VPQMV,MDCN 屏幕保护膜,手机,MDCN,72,984,手机|手机配件|保护壳|保护膜,"MDCN Samsung A32 5G, Galaxy A32 5G case, Military Grade Heavy Duty with HD Screen Protector Magnetic Ring Kickstand Car Mount Protection Armor Phone Case Cover for Samsung Galaxy A32 5G (Black_Black)",Cell Phones & Accessories,Amazon Reviews 2023,https://m.media-amazon.com/images/I/419MpU9SR7L._AC_.jpg,4.4,371
B096W7C89L,yuzhiyong 保护套,手机,yuzhiyong,143,384,手机|手机配件,yuzhiyong 9 pro Back Cover Glass Replacement for OnePlus 9 Pro 5G 6.7inch LE2121 Back Glass(NOT for Oneplus 9/9R Back Glass) (Morning Mist),Cell Phones & Accessories,Amazon Reviews 2023,https://m.media-amazon.com/images/I/41KvDIpUw3L._AC_.jpg,3.8,28
B09DX58B79,B-wishy 保护壳,手机,B-wishy,79,773,手机|手机配件|保护壳,"Fidget Toys Stress Relief Phone Case for Samsung Galaxy A32 5G with Strap,Push Pop Bubble 3D Cartoon Funny Cute Silicone Cover for Girls Kids Teen,Protective Aesthetic Color Bubble Case-Rainbow",Cell Phones & Accessories,Amazon Reviews 2023,https://m.media-amazon.com/images/I/513GVdjVSnL._AC_.jpg,4.5,801
B07NWL5DQY,Bpowe 保护壳,手机,Bpowe,202,996,手机|手机配件|保护壳|保护膜,"Huawei P30 Lite Case,Bpowe Armor Tank Aluminum Metal Gorilla Glass Shockproof Military Heavy Duty Sturdy Protector Cover Hard Case for Huawei P30 Lite (Black)",Cell Phones & Accessories,Amazon Reviews 2023,https://m.media-amazon.com/images/I/41CaCW4ipvL._AC_.jpg,4.2,142
B086RKP65R,Gufuwo 保护壳,手机,Gufuwo,72,983,手机|手机配件|保护壳,"Gufuwo Case for Samsung Note 9, Galaxy Note 9 Cute Case Girls Women, Gradient Slim Anti Scratch Soft Clear TPU Phone Case Cover Shockproof Case for Samsung Galaxy Note 9 (Blue/Pink)",Cell Phones & Accessories,Amazon Reviews 2023,https://m.media-amazon.com/images/I/51b7PT6X6tL._AC_.jpg,4.3,131
B09127SS9K,COTDINFOR 保护壳,手机,COTDINFOR,79,303,手机|手机配件|保护壳,COTDINFOR Compatible with Motorola Moto G Play 2021 Wallet Case Leather with Card Holder and Stand Mandala Embossed Design Flip Case Slim Shockproof Case for Moto G Play 2021 Mandala Purple LD,Cell Phones & Accessories,Amazon Reviews 2023,https://m.media-amazon.com/images/I/51sabtcuQTL._AC_.jpg,4.6,67
B0BC4T32T9,Mazoft 手机商品,手机,Mazoft,86,452,手机|手机配件,"Mazoft 20mm Braided Bands Compatible with Samsung Galaxy 5 Pro 4 Classic Active 2 46mm 45mm 44mm 42mm 40mm Watch, Quick Release Replacement Strap for Samsung Watch 3 41mm",AMAZON FASHION,Amazon Reviews 2023,https://m.media-amazon.com/images/I/51yGQyAzM1L._AC_.jpg,4.5,628
B0BF9M2Y3W,SHIELDON 保护壳,手机,SHIELDON,223,221,手机|手机配件|保护壳,"SHIELDON Wallet Case for iPhone 14 Pro 5G 2022, Genuine Leather iPhone 14 Pro Case RFID Blocking Credit Card Holder Folio Magnetic Stand Shockproof Cover Compatible with iPhone 14 Pro 6.1"" - Black",Cell Phones & Accessories,Amazon Reviews 2023,https://m.media-amazon.com/images/I/41kwQU-tD+L._AC_.jpg,4.5,821
B09DSZYYVT,Asuwish 屏幕保护膜,手机,Asuwish,101,762,手机|手机配件|保护壳|保护膜,Asuwish Compatible with Samsung Galaxy Note 8 Wallet Case and Tempered Glass Screen Protector Leather Flip Credit Card Holder Cell Phone Cover for Glaxay Note8 Not S8 Galaxies Gaxaly Women Men Brown,Cell Phones & Accessories,Amazon Reviews 2023,https://m.media-amazon.com/images/I/519UvwVXwVL._AC_.jpg,4.5,62
B0BCH69C79,ETICIAN 手机商品,手机,ETICIAN,144,521,手机|手机配件,"ETICIAN Sparkling Fashion Alloy Metal Watch Band with Bling Rhinestones for Apple Watch Series 1-8 & SE (38mm-45mm) - Feminine, Adjustable & Versatile, Perfect for Dressing Up or Casual Wear",AMAZON FASHION,Amazon Reviews 2023,https://m.media-amazon.com/images/I/31Oiop+nVyL._AC_.jpg,4.5,10
B09ZDZ22YW,Asuwish 屏幕保护膜,手机,Asuwish,122,443,手机|手机配件|保护壳|保护膜,Asuwish Compatible with Samsung Galaxy S20 Glaxay S 20 5G UW 6.2 inch Wallet Case and Tempered Glass Screen Protector Flower Flip Credit Card Holder Cell Phone Cover for Gaxaly 20S G5 Women Men Red,Cell Phones & Accessories,Amazon Reviews 2023,https://m.media-amazon.com/images/I/51GoAH01B3L._AC_.jpg,3.6,33
B08S44K872,Weycolor 保护壳,手机,Weycolor,43,605,手机|手机配件|保护壳,"Weycolor Moto G 5G Case, Liquid Silicone Slim Soft TPU Fit Drop Protection Phone Case for Moto G 5G (Black New)",Cell Phones & Accessories,Amazon Reviews 2023,https://m.media-amazon.com/images/I/417d8iphRNL._AC_.jpg,4.2,224
B08C7SV9MV,Happy Tiger 保护壳,手机,Happy Tiger,65,795,手机|手机配件|保护壳,Buddhist Lotus Symbol Luxury TPU Case Compatible with iPhone 11 (2019),Cell Phones & Accessories,Amazon Reviews 2023,https://m.media-amazon.com/images/I/51q1w6+REdL._AC_.jpg,4.6,258
B09DGCN5G9,LMing 保护壳,手机,LMing,94,660,手机|手机配件|保护壳,"iPhone 14 iPhone 13 Case with Finger Grip, Lemon 3D Embossed Design Phone Case with Strap Kickstand Rugged Shockproof TPU Bumper Dual Layer Protective Holder Stand Cover with Ring - 6.1""",Cell Phones & Accessories,Amazon Reviews 2023,https://m.media-amazon.com/images/I/41N2Sp-MVGL._AC_.jpg,3.9,127
B07KTYQVP9,LeYi 屏幕保护膜,手机,LeYi,79,812,手机|手机配件|保护壳|保护膜|摄像头,"LeYi Samsung Galaxy A23 4G/5G Case, Galaxy A23 Case with [2 Pack] Tempered Glass Screen Protector & Camera Lens Protector, Liquid Silicone Soft Microfiber Liner Cover Case for Samsung A23, Black",Cell Phones & Accessories,Amazon Reviews 2023,https://m.media-amazon.com/images/I/51rybhGcZaL._AC_.jpg,4.4,205
B087WK3CSM,Penyeah 手机商品,手机,Penyeah,108,957,手机|手机配件,"Stylus Pen for iPad - Penyeah [4-in-1] High Sensitivity and Precision Touch Screen Stylus Disc Tip,Black Rubber Tip & Mesh Fiber Tip Universal for All Capacitive Touch Screen Device - Light Blue",All Electronics,Amazon Reviews 2023,https://m.media-amazon.com/images/I/41YpdnDxfVL._AC_.jpg,4.4,9165
B09FXT9KS4,VISOOM 手机商品,手机,VISOOM,158,168,手机|手机配件,VISOOM Bling Bracelet Compatible for Series 7 Apple Watch Band 41mm /38mm/40mm Series 8 SE/6 Women Dressy Glittering Metal Diamonds Luxury Elastic Stretch Strap Jewelry for iWatch Series 5/4/3/2/1,All Electronics,Amazon Reviews 2023,https://m.media-amazon.com/images/I/41dn4zW1rWL._AC_.jpg,4.0,767
B08FY3PPZD,Morsey 手机商品,手机,Morsey,50,865,手机|手机配件,"Morsey 22mm Soft Nylon Watch Bands Compatible for Samsung Galaxy Watch 46mm/Watch 3 45mm/Gear S3 Frontier/Classic, Sport Strap Wristband Replacement Bracelet for Women Men (black)",Cell Phones & Accessories,Amazon Reviews 2023,https://m.media-amazon.com/images/I/41DUOKxPHUL._AC_.jpg,4.4,3775
B08K34FD8B,SZHAIYU 保护壳,手机,SZHAIYU,166,975,手机|手机配件|保护壳,"Compatible with iPhone 12 / iPhone 12 Pro Wallet Case, Retro Luxury 2 in 1 Premium Leather Flip Cover Magnetic Card Holder Zipper Pocket Detachable Thin Phone Cases 6.1'' 2020 Release (Brown)",Cell Phones & Accessories,Amazon Reviews 2023,https://m.media-amazon.com/images/I/51kRD2PQUxL._AC_.jpg,3.7,32
B07H942WV8,TOPNOW 保护壳,手机,TOPNOW,79,54,手机|手机配件|保护壳,"Google Pixel 3 XL Case, Topnow Clear Design Plastic Hard Back Case with TPU Bumper Protective Case Cover for Google Pixel 3 XL - Looking Giraffe",Cell Phones & Accessories,Amazon Reviews 2023,https://m.media-amazon.com/images/I/51B8f3jOa-L._AC_.jpg,4.5,497
B08NTSTMMS,QiongNi 保护壳,手机,QiongNi,78,834,手机|手机配件|保护壳,"Case for OnePlus Nord N10 5G Case Cover,Magnetic Car Mount Bracket Shell Case for OnePlus Nord N10 5G BE2029 Case Red",Cell Phones & Accessories,Amazon Reviews 2023,https://m.media-amazon.com/images/I/51xz26Nn92L._AC_.jpg,4.6,134
B0BKGZBWW7,chuangshiji 手机商品,手机,chuangshiji,130,753,手机|手机配件,"chuangshiji Metal Band Compatible with Apple Watch Band 45mm 44mm 42mm 41mm 40mm 38mm, Stainless Steel Wristband Replacement for iWatch Series SE/8/7/6/5/4/3/2/1 Women and Men",AMAZON FASHION,Amazon Reviews 2023,https://m.media-amazon.com/images/I/41gkuEYZidL._AC_.jpg,4.4,55
B07SM135LS,Digi-Tatoo 电子数码商品,电子数码,Digi-Tatoo,144,951,电子数码|电子产品|电脑配件,"Digi-Tatoo Decal Skin Compatible With MacBook Pro 13 inch (Model A2338/ A2289/ A2251) - Protective and Decorative Full Body Laptop Skin Decal Sticker, Anti-Scratch Vinly Skin Sticker Wrap [Fresh Marble]",Computers,Amazon Reviews 2023,https://m.media-amazon.com/images/I/31t4bj9t88L._AC_.jpg,4.5,246
B089CNGZCW,NotoCity 电子数码商品,电子数码,NotoCity,72,595,电子数码|电子产品,NotoCity Compatible with Vivoactive 4 band 22mm Quick Release Silicone Bands/Garmin Darth Vader/First Avenger/Polar Vantage Smartwatch Sport Breathable Strap Replacement for Gear S3 Classic Watchband,AMAZON FASHION,Amazon Reviews 2023,https://m.media-amazon.com/images/I/41j56fjX6SL._AC_.jpg,4.5,233
B004E2Z88O,Verizon 电子数码商品,电子数码,Verizon,108,336,电子数码|电子产品|电脑配件,Motorola Droid X Essentials Combo Pack,Cell Phones & Accessories,Amazon Reviews 2023,https://m.media-amazon.com/images/I/51-DXSMlHaL._AC_.jpg,3.8,64
B07BJ7ZZL7,QGHXO 电子数码商品,电子数码,QGHXO,107,819,电子数码|电子产品,"QGHXO Band for Garmin Vivofit 4, Soft Silicone Replacement Watch Band Strap for Garmin Vivofit 4 Activity Tracker, Small, Large, Ten Colors (5PCS Bands-Girl, Large)",Cell Phones & Accessories,Amazon Reviews 2023,https://m.media-amazon.com/images/I/51UefzXMzvL._AC_.jpg,4.4,707
B00R6R82HS,Westlake Market 保护套,电子数码,Westlake Market,79,254,电子数码|电子产品,"Fishfinder, Depth Finder Poly Sun Cover for 3"" - 4"" Models - Protects Your Screen from Sun / Weather Damage",电子数码,Amazon Reviews 2023,https://m.media-amazon.com/images/I/51VAoCIS-dL._AC_.jpg,4.4,86
B07Y6K1PRB,Fire Stone U 盘,电子数码,Fire Stone,65,399,电子数码|电子产品|电脑配件|摄像头|存储,"Novelty Cute Cartoon USB 2.0 Flash Drive Data Storage Memory Stick Cartoon USB Stick Pendrive Gift (16GB, Camera Black)",Computers,Amazon Reviews 2023,https://m.media-amazon.com/images/I/41Rnlz2ezPL._AC_.jpg,4.7,198
B07848ZT9T,ANNKE 移动硬盘,电子数码,ANNKE,6552,113,电子数码|电子产品|摄像头|存储,"ANNKE 4K 16CH Security DVR Recorder with Human & Vehicle Detection and (16) 8MP Outdoor Bullet Cameras with IP67 Weatherproof, 100ft Night Vision with EXIR, Email Alert, NO Hard Drive",Camera & Photo,Amazon Reviews 2023,https://m.media-amazon.com/images/I/41FZDJrOWwL._AC_.jpg,5.0,2
B00VBTJCJE,BIPRA 移动硬盘,电子数码,BIPRA,709,407,电子数码|电子产品|电脑配件|存储,BIPRA U3 2.5 inch USB 3.0 NTFS Portable External Hard Drive - White (250GB),Computers,Amazon Reviews 2023,https://m.media-amazon.com/images/I/21Ic71VXQ3L._AC_.jpg,5.0,1
B0BPLX8B2K,Affoto 电子数码商品,电子数码,Affoto,29,576,电子数码|电子产品|电脑配件,"Outer Space Planets Stickers(50Pcs),Planetary Systems Waterproof Vinyl Water Bottle Stickers for Teens Girls Adults Kids,Laptop Car Cup Computer Guitar Skateboard Luggage Phone Aesthetic Stickers Pack",Amazon Home,Amazon Reviews 2023,https://m.media-amazon.com/images/I/51DMyPUVryL._AC_.jpg,4.5,50
B0BYBG1PPD,Gateway 电子数码商品,电子数码,Gateway,1368,522,电子数码|电子产品|电脑配件,"Gateway 15.6"" FHD Ultra Slim Budget Notebook, Intel Pentium Processor(4-Core, up to 3.1 GHz), 4GB RAM, 128GB Storage, Precision Touchpad, HDMI, Type-C Windows 10S, Microsoft 365 1 Year, Charcoal Black",Computers,Amazon Reviews 2023,https://m.media-amazon.com/images/I/41uiwpD6FmL._AC_.jpg,4.1,15
B0C2VCWPGY,VILTROX 摄像头,电子数码,VILTROX,2729,791,电子数码|电子产品|摄像头,VILTROX 24mm F1.8 f/1.8 FE Full-Frame Wide-Angle Prime Autofocus Lens for Sony E-Mount Camera a7R4 A7III A7S2 A5100 A6600 A6500 A6400 A6300 A6000 A7RIV A7RIII A7SIII A7III A7RII A7II A7S A7R A7,Camera & Photo,Amazon Reviews 2023,https://m.media-amazon.com/images/I/51fj-+9ZO8L._AC_.jpg,3.9,16
B093N94GPG,Polaroid Originals 摄像头,电子数码,Polaroid Originals,1296,912,电子数码|电子产品|摄像头,Polaroid Originals Now Viewfinder i-Type Instant Camera (White) Bundle with Color and B and W Instant Film and Reusable Vintage Photo Accessory (4 Items),Camera & Photo,Amazon Reviews 2023,https://m.media-amazon.com/images/I/41EruEz9MtL._AC_.jpg,4.8,48
B07QF5117Q,Amazon Renewed 电子数码商品,电子数码,Amazon Renewed,252,359,电子数码|电子产品|电脑配件,"NVIDIA NVS 310 by PNY 1 GB DDR3 PCI Express Gen 2 x16 DisplayPort 1.2 Multi-Display Professional Graphics Board, VCNVS310DP-PB (Renewed)",Computers,Amazon Reviews 2023,https://m.media-amazon.com/images/I/41jwDgHFwRL._AC_.jpg,4.2,17
B094C5ZN1M,LUO 电子数码商品,电子数码,LUO,101,400,电子数码|电子产品|电脑配件,"luo Cherry MX RGB Switch Mute Pink Switch Mute Gray Switch Genuine German Cherry Switch (10PCS, Cherry RGB Mute Gray Switch)",Computers,Amazon Reviews 2023,https://m.media-amazon.com/images/I/211Y0dSEIGL._AC_.jpg,4.0,12
B01MG5L0H0,AntennaMastsRus 电子数码商品,电子数码,AntennaMastsRus,166,134,电子数码|电子产品,AntennaMastsRus - Made in USA - 4 Inch Black Aluminum Antenna is Compatible with Audi Allroad (2001-2005),Home Audio & Theater,Amazon Reviews 2023,https://m.media-amazon.com/images/I/21bRd1xv6QL._AC_.jpg,4.3,7
B0178F72E6,HP 电子数码商品,电子数码,HP,456,400,电子数码|电子产品|电脑配件,HP Elitebook 8560W New Replacement LCD Screen for Laptop LED HD Matte,Computers,Amazon Reviews 2023,https://m.media-amazon.com/images/I/41gvw+myv+L._AC_.jpg,4.7,4
B0822SL7JX,May Chen 屏幕保护膜,电子数码,May Chen,194,650,电子数码|电子产品|电脑配件|保护壳|保护膜,"May Chen Compatible with MacBook Pro 16 inch Case 2020 2019 Release A2141 with Touch Bar&Touch ID, Plastic Hard Shell Case with Keyboard Cover + Screen Protector, Abstract Leaves",Cell Phones & Accessories,Amazon Reviews 2023,https://m.media-amazon.com/images/I/51mR3hFRLsL._AC_.jpg,4.5,649
B09M7TH3YC,Wenlaty 保护壳,电子数码,Wenlaty,144,240,电子数码|电子产品|电脑配件|保护壳,"Wenlaty Case Compatible with iPad 9th /8th /7th Generation Case(2021/2020/2019), Full Body Protective with Pencil Holder, Designed for iPad 10.2 Inch, Auto Sleep/Wake Cover, Sky Blue",Cell Phones & Accessories,Amazon Reviews 2023,https://m.media-amazon.com/images/I/41o1pNK2igL._AC_.jpg,4.7,1915
B07VJXK7BV,ARES VISION 摄像头,电子数码,ARES VISION,101,271,电子数码|电子产品|摄像头,"Ares Vision Universal mounting CCTV Security Camera Wall Junction Box Bracket with Hidden Compartment (1 Pack, Wall Dome)",Camera & Photo,Amazon Reviews 2023,https://m.media-amazon.com/images/I/314+6fI-J5L._AC_.jpg,3.9,96
B00FSTW88K,Centon 电子数码商品,电子数码,Centon,65,739,电子数码|电子产品|电脑配件,Centon Electronics Flash Memory Card (S1-SDHU1-32G),Computers,Amazon Reviews 2023,https://m.media-amazon.com/images/I/41mNMKMcXjL._AC_.jpg,4.8,4
B08862M8VY,Techcircle 保护壳,电子数码,Techcircle,130,262,电子数码|电子产品|电脑配件|保护壳,"Galaxy Tab A 10.1 Case 2019 - Techcircle Slim PU Leather Multiple Angle Stand Case with Card Slots Shockproof Cover for Samsung Galaxy Tab A 10.1 Inch Tablet SM-T510/T515 2019 Release, Purple Owl",Computers,Amazon Reviews 2023,https://m.media-amazon.com/images/I/51TnFCnglcL._AC_.jpg,4.0,17
B0BSQL7M51,PNY 电子数码商品,电子数码,PNY,792,198,电子数码|电子产品|电脑配件,"PNY 1TB PRO Elite Class 10 U3 V30 microSDXC Flash Memory Card - 100MB/s, Class 10, U3, V30, A2, 4K UHD, Full HD, UHS-I, micro SD",Computers,Amazon Reviews 2023,https://m.media-amazon.com/images/I/41w5om5v1tL._AC_.jpg,4.7,3380
B0BKS1K986,LENTION 电子数码商品,电子数码,LENTION,648,723,电子数码|电子产品|电脑配件|存储,"LENTION USB C Docking Station, 10 Gbps USB C&USB A Ports, 4K 60Hz HDMI, 100W PD, Ethernet, Card Reader, USB 3.0, AUX, USB C Dock for MacBook/Surface, More, Stable Driver USB C Hub(CB-D65, Space Gray)",All Electronics,Amazon Reviews 2023,https://m.media-amazon.com/images/I/31Z1VcSvljL._AC_.jpg,4.4,16
B08K2T4JFQ,Amazon Renewed 电子数码商品,电子数码,Amazon Renewed,575,981,电子数码|电子产品,JBL FLIP 5 - Waterproof Portable Bluetooth Speaker Made from 100% Recycled Plastic - Blue (Renewed),All Electronics,Amazon Reviews 2023,https://m.media-amazon.com/images/I/412T8FTJynL._AC_.jpg,4.7,762
B07C4YHF4L,AVIMABASICS 电子数码商品,电子数码,AVIMABASICS,72,144,电子数码|电子产品,"AvimaBasics Ear Buds, Spare Kit Earloops Buds Compatible with Plantronics WH500 CS540 W440 Savi W740 - Includes: 3 Earloop, 3 Eartips Guarantee! (1 Pack)",All Electronics,Amazon Reviews 2023,https://m.media-amazon.com/images/I/41-SjKn1j1L._AC_.jpg,4.2,160
B01AC7EOL6,Harmony Audio 电子数码商品,电子数码,Harmony Audio,202,571,电子数码|电子产品,Compatible with Ford Explorer 2006 2007 2008 2009 2010 Double DIN Stereo Harness Radio Install Dash Kit Package,Car Electronics,Amazon Reviews 2023,https://m.media-amazon.com/images/I/41snZ36HJBL._AC_.jpg,3.9,11
B07MVKYVVL,Tricon 耳机,电子数码,Tricon,25,878,电子数码|电子产品|耳机,"10-Pack Replacement Clamp Bluetooth Ear Hook Loop Clip Replacement - Set Of 5 Black SMALL Clamps + 5 Pack Black Large Clamps Shape Clear Hook for Samsung, Motorola, LG & Other Bluetooth Headsets",Home Audio & Theater,Amazon Reviews 2023,https://m.media-amazon.com/images/I/41Q4BZCw3eL._AC_.jpg,3.6,798
B0821M984B,Tenkful 保护套,电子数码,Tenkful,129,924,电子数码|电子产品|保护膜|数据线,Cable Raceways - Floor Cord Protector Cable Shield Cord Cover PVC Floor Wire Protect,All Electronics,Amazon Reviews 2023,https://m.media-amazon.com/images/I/51QcMO5k6PL._AC_.jpg,4.3,721
B0BGPG7ZNM,MHYALUDO 保护壳,电子数码,MHYALUDO,79,72,电子数码|电子产品|保护壳,"MHYALUDO Silicone Print Case Cover for Apple Airpods Pro 2nd Generation 2022 & 1st Generation 2019 Charging Case, Soft Earpods Case with keychain for Women with Airpods Pro Charging Case-White Leopard",Cell Phones & Accessories,Amazon Reviews 2023,https://m.media-amazon.com/images/I/515zAX7ynqS._AC_.jpg,5.0,12
B08GFTPQ5B,iCasso 屏幕保护膜,电子数码,iCasso,202,484,电子数码|电子产品|电脑配件|保护壳|保护膜,"iCasso Compatible with MacBook Pro 13 Inch Case 2016-2020 Release A2338 M1 A2251 A2289 A2159 A1989 A1706 A1708, Hard Plastic Case, Sleeve, Screen Protector, Keyboard Cover & Dust Plug - Serenity Blue",Computers,Amazon Reviews 2023,https://m.media-amazon.com/images/I/41vx1ANmnuL._AC_.jpg,4.4,3503
B086W46TYP,SUPCASE 屏幕保护膜,电子数码,SUPCASE,202,874,电子数码|电子产品|电脑配件|保护壳|保护膜,"SUPCASE UB Pro Series Case for iPad Pro 12.9 inch for 2020 Release only, Support Apple Pencil Charging with Built-in Screen Protector Full-Body Rugged Kickstand Protective Case (Black)",Cell Phones & Accessories,Amazon Reviews 2023,https://m.media-amazon.com/images/I/415oLjAIJNL._AC_.jpg,4.5,4050
B0B1BXC6W1,ABAMERICA 电子数码商品,电子数码,ABAMERICA,65,971,电子数码|电子产品|电脑配件,"Nurse Stickers for Water Bottles and Laptop, Nursing Stickers for Nurse Students, Nurses, and Healthcare Workers, Waterproof, Reusable, No Residue Vinyl Decal Perfect Nurse Gift (108 Designs)",Amazon Home,Amazon Reviews 2023,https://m.media-amazon.com/images/I/61qHLKTAKSL._AC_.jpg,4.6,123
B07DYJR44S,dealcase 保护壳,电子数码,dealcase,107,742,电子数码|电子产品|电脑配件|保护壳,13-15.6 Inch Laptop Sleeve Case Women Men Shoulder Bag Briefcase Messenger Bag Portable Handbag,AMAZON FASHION,Amazon Reviews 2023,https://m.media-amazon.com/images/I/41RBgBZC0KL._AC_.jpg,4.6,354
B014IYU6DY,Dowonsol 电子数码商品,电子数码,Dowonsol,50,866,电子数码|电子产品,3pcs 4 Wire 2 Phase DC Micro Stepper Motor Step Height 10mm with Output Gear,Camera & Photo,Amazon Reviews 2023,https://m.media-amazon.com/images/I/410JJKBX8HL._AC_.jpg,1.0,1
B0C5XLH1HM,CoBak 保护壳,电子数码,CoBak,136,329,电子数码|电子产品|保护壳,CoBak Case for Kindle Paperwhite - All New PU Leather Cover with Auto Sleep Wake Feature for Kindle Paperwhite Signature Edition and Kindle Paperwhite 11th Generation 2021 Released,Cell Phones & Accessories,Amazon Reviews 2023,https://m.media-amazon.com/images/I/31PT0Ih3hYL._AC_.jpg,4.8,1064
B0BGMJX4RN,Gigabyte 电子数码商品,电子数码,Gigabyte,12593,504,电子数码|电子产品|电脑配件,"GIGABYTE AERO 16 XE5-16"" 4K/UHD+ Samsung AMOLED, Intel Core i7-12700H, NVIDIA GeForce RTX 3070 Ti Laptop GPU 8GB GDDR6, 32GB DDR5 RAM, 2TB SSD,Win11 Pro Laptop (AERO 16 XE5-73US948HP)",Computers,Amazon Reviews 2023,https://m.media-amazon.com/images/I/41SCOtUbIgL._AC_.jpg,3.3,10
B00BGFTSGU,Swivi 电子数码商品,电子数码,Swivi,1073,268,电子数码|电子产品,GGS Swivi HD DSLR LCD Universal Foldable Viewfinder Version II with 3.0X Magnification,Camera & Photo,Amazon Reviews 2023,https://m.media-amazon.com/images/I/41BUv5PjMDL._AC_.jpg,3.7,52
B07XXVYW65,Kate 电子数码商品,电子数码,Kate,562,390,电子数码|电子产品,Kate 10x6.5ft Dark Wood Photo Backdrop for Photographers Horizontal Wooden Texture Floor Backgrounds for Studio Photo Props,Camera & Photo,Amazon Reviews 2023,https://m.media-amazon.com/images/I/51gk+QnYmPL._AC_.jpg,3.5,8
B087V6XHNV,Plugable 电子数码商品,电子数码,Plugable,158,406,电子数码|电子产品|电脑配件,"Plugable USB C to HDMI Adapter 4K 30Hz, Thunderbolt 3 to HDMI Adapter Compatible with MacBook Pro, Windows, Chromebooks, 2018+ iPad Pro, Dell XPS, Thunderbolt 3 Ports and More",All Electronics,Amazon Reviews 2023,https://m.media-amazon.com/images/I/31EoD-qIi9L._AC_.jpg,4.3,142
B00SK8LK1W,Adafruit 数据线,电子数码,Adafruit,177,998,电子数码|电子产品|电脑配件|数据线,Adafruit FTDI Serial TTL-232 USB Cable [ADA70],Computers,Amazon Reviews 2023,https://m.media-amazon.com/images/I/41VxTkOnJ-L._AC_.jpg,4.5,67
B08XQ8PS2J,XLL 电子数码商品,电子数码,XLL,280,0,电子数码|电子产品,8x8ft Pink Rose Flower Theme Photography Backdrops 3D Pink Floral Newborn Kids Wedding Bridal Shower Photo Background Mother's Day Anniversary Ceremony Couple Photo Props Cake Table Banner,Camera & Photo,Amazon Reviews 2023,https://m.media-amazon.com/images/I/61tRmYfaLDL._AC_.jpg,4.5,358
B003XT6OTG,LaCie 移动硬盘,电子数码,LaCie,1058,994,电子数码|电子产品|电脑配件|存储,LaCie Rugged All-Terrain Safe 500 GB USB 2.0/FireWire 800 Portable External Hard Drive 301491,All Electronics,Amazon Reviews 2023,https://m.media-amazon.com/images/I/31+90zPorvL._AC_.jpg,3.2,18
B00M9AEJQA,Monsoon 电子数码商品,电子数码,Monsoon,185,635,电子数码|电子产品|电脑配件,"Monsoon G1/4"" to 1/2"" ID, 3/4"" OD Chain Gun Compression Fitting for Soft Tubing, Chrome, 4-Pack",Industrial & Scientific,Amazon Reviews 2023,https://m.media-amazon.com/images/I/51Cr-mlZCGL.jpg,5.0,1
B098ZFMY25,Aruba a Hewlett Packard Enterprise company 电子数码商品,电子数码,Aruba a Hewlett Packard Enterprise company,792,225,电子数码|电子产品|电脑配件,Aruba Instant On AP11 2x2 WiFi Access Point | US Model | Power Source Included (R3J21A),Computers,Amazon Reviews 2023,https://m.media-amazon.com/images/I/21G7Rgd6+CL._AC_.jpg,4.4,119
B09J56DSX4,HEZOOMS 电子数码商品,电子数码,HEZOOMS,288,745,电子数码|电子产品,HEZOOMS DisplayPort to DisplayPort HDMI-Compatible Splitter Adapter MST SST Mode 8K@30Hz 4K@120Hz 1 in 2 Out Directional DP1.4 Splitter Dual Monitor for DP and HD Multi Screen simultaneous displays,All Electronics,Amazon Reviews 2023,https://m.media-amazon.com/images/I/41ycrbXkYUL._AC_.jpg,4.0,12
B06XKRXLDR,KHOMO 保护壳,电子数码,KHOMO,86,756,电子数码|电子产品|电脑配件|保护壳,"KHOMO - iPad 2 3 and 4 Generation Case - DUAL Series - Super Slim Black Cover with Rubberized back and Smart Auto Wake Sleep Feature for Apple iPad 2, 3rd and 4th.",Computers,Amazon Reviews 2023,https://m.media-amazon.com/images/I/31+mP+y8UoL._AC_.jpg,4.5,2745
B0C1Q7DP2X,TRUE CABLE 数据线,电子数码,TRUE CABLE,2297,207,电子数码|电子产品|电脑配件|数据线,"trueCABLE Cat6A Shielded Riser (CMR), 1000ft, Green, 23AWG Solid Bare Copper, 750MHz, PoE++ (4PPoE), ETL Listed, Overall Foil Shield (FTP), Bulk Ethernet Cable",Industrial & Scientific,Amazon Reviews 2023,https://m.media-amazon.com/images/I/419oDRi0g4L.jpg,4.8,450
B07GXM524L,Cookk 保护壳,电子数码,Cookk,108,873,电子数码|电子产品|电脑配件|保护壳,"Cookk Universal Folio Case for All 6.5-7.5 inch Tablet, Cookk PU Leather Bling Glitter [Card Slots] Stand Cover for Galaxy Tab 4, Galaxy Tab 3 Lite, Nexus 7, Touch M7, Rosegold",Computers,Amazon Reviews 2023,https://m.media-amazon.com/images/I/61VadnfYM6L._AC_.jpg,4.4,66
B0C3VJHW5Z,BORIYUAN 保护壳,电子数码,BORIYUAN,245,863,电子数码|电子产品|电脑配件|保护壳|键盘,"BORIYUAN iPad Mini 6 Keyboard Case 2021, 7 Colors Backlit Detachable Keyboard Slim Folio Smart Cover for iPad Mini 6th Generation 8.3 inch – Black",Computers,Amazon Reviews 2023,https://m.media-amazon.com/images/I/51tPNfJ5JqL._AC_.jpg,4.3,1417
B07CRKJRT2,Cuir Ally 电子数码商品,电子数码,Cuir Ally,720,357,电子数码|电子产品,Cuir Ally Women's Smart Clutch with Tracking Technology,AMAZON FASHION,Amazon Reviews 2023,https://m.media-amazon.com/images/I/3103+f+vtZL._AC_.jpg,4.0,18
B091THDX36,Heayzoki 电子数码商品,电子数码,Heayzoki,172,600,电子数码|电子产品|电脑配件,"CPU Cooling Fan,CPU Cooler Heat Sink Cooling Fan for LGA2011 1366 1150 1151 1155 1156 Computer Supplies,CPU Heat Sink Fan with Strong Heat Dissipation",Industrial & Scientific,Amazon Reviews 2023,https://m.media-amazon.com/images/I/51kGagtIl0L.jpg,1.0,2
B0BPMGTV36,PHIXERO 保护壳,电子数码,PHIXERO,79,592,电子数码|电子产品|电脑配件|保护壳,"PHIXERO SATA to USB 3.0 Adapter for 2.5"" SSD/HDD with Protective Case, SATA to USB 5Gbps Support UASP for Samsung/Seagate/WD/SanDisk, USB to SATA Adapter Compatible with PC/Laptop/HD TV/PS5/PS4/Xbox",Industrial & Scientific,Amazon Reviews 2023,https://m.media-amazon.com/images/I/41xVP8H5lCL._AC_.jpg,4.6,37
B08DP1YZP8,Bindpo 摄像头,电子数码,Bindpo,109,691,电子数码|电子产品|摄像头,"Bindpo Electronic Eyepiece,1.25 Inch Digital Telescope Eyepiece with USB Port, Electronic Eyepiece Camera Accessory for Astrophotography,640x480 Pixels, Compatible for PC/Laptop,",All Electronics,Amazon Reviews 2023,https://m.media-amazon.com/images/I/41qZUkNzawL._AC_.jpg,2.9,19
B09CL2VNPJ,rgzhihuifz 保护壳,电子数码,rgzhihuifz,45,873,电子数码|电子产品|保护壳,rgzhihuifz 10 Pcs CR/LIR2450 Horizontal Coin Button Battery Holder Black Container Case,All Electronics,Amazon Reviews 2023,https://m.media-amazon.com/images/I/51zw1juPqNL._AC_.jpg,4.7,8
B0BXKWKH5Z,Kinmac 保护壳,电子数码,Kinmac,154,480,电子数码|电子产品|电脑配件|保护壳,"Kinmac 360° Protective Waterproof Laptop Case Bag Sleeve with Handle for MacBook Pro 16, and 15 inch-15.6 inch Laptop (Banana Leaf)",Computers,Amazon Reviews 2023,https://m.media-amazon.com/images/I/51SGCz3G5vL._AC_.jpg,4.8,8699
B00IKMJZVA,Assurant 电子数码商品,电子数码,Assurant,71,721,电子数码|电子产品,Assurant 2-Year Portable Electronics Protection Plan ($450-$499.99),All Electronics,Amazon Reviews 2023,https://m.media-amazon.com/images/I/41NVltLTG+L._AC_.jpg,5.0,3
B093GWXVC4,MonsDirect 保护壳,电子数码,MonsDirect,137,356,电子数码|电子产品|电脑配件|保护壳,"MonsDirect Case for Amazon Kindle Fire HD 8 & 8 Plus Tablet (Fit 2020 10th Generation) Slim Smart Auto Wake/Sleep Cover with Stand & Card Holder for All-New 2020 Fire HD 8/8 Plus, Beach",Computers,Amazon Reviews 2023,https://m.media-amazon.com/images/I/51cZ6S+EXCL._AC_.jpg,4.6,390
B0BF9YKR59,Hermitshell 保护壳,电子数码,Hermitshell,108,353,电子数码|电子产品|电脑配件|保护壳,Hermitshell Hard Travel Case for Microsoft Surface Slim Pen 1 or 2,Cell Phones & Accessories,Amazon Reviews 2023,https://m.media-amazon.com/images/I/41dl2ZmDGHL._AC_.jpg,4.7,8
B08RS4QZ2K,Generic 电子数码商品,电子数码,Generic,386,287,电子数码,Amp Stand Black,All Electronics,Amazon Reviews 2023,https://m.media-amazon.com/images/I/412XeTPwgRL._AC_.jpg,4.7,31
B08254WPLJ,MMOBIEL 耳机,电子数码,MMOBIEL,65,68,电子数码|电子产品|耳机,MMOBIEL Ear Pads Cushions Compatible with Razer Kraken V2 Gaming Headset PU Leather (Black),All Electronics,Amazon Reviews 2023,https://m.media-amazon.com/images/I/31RfwSnoKFL._AC_.jpg,4.6,441
B00KAEVW26,Mighty Max Battery 电子数码商品,电子数码,Mighty Max Battery,1080,783,电子数码|电子产品|电脑配件,12V 8Ah Compatible Battery for APC RBC105 UPS - 8 Pack,Industrial & Scientific,Amazon Reviews 2023,https://m.media-amazon.com/images/I/41tFINopJXL.jpg,5.0,1
B005T6TJIO,MEAN WELL 电子数码商品,电子数码,MEAN WELL,1530,849,电子数码|电子产品|电脑配件,MEAN WELL SE-1000-24 AC-DC Power Supply Single Output 24V 41.7 Amp,Industrial & Scientific,Amazon Reviews 2023,https://m.media-amazon.com/images/I/41aUiMn0C2L.jpg,2.7,5
B00XHY9YTE,Metra 电子数码商品,电子数码,Metra,850,655,电子数码|电子产品,Metra GMOS-LAN-04 GMOS-LAN Interface GM 06-08,Car Electronics,Amazon Reviews 2023,https://m.media-amazon.com/images/I/414zn6bkz7L._AC_.jpg,4.3,54
B07N1WJXTY,GOLDWOOD 电子数码商品,电子数码,GOLDWOOD,14,826,电子数码|电子产品,3 MFD 100V Mylar Non-Polarized Crossover Capacitor,Car Electronics,Amazon Reviews 2023,https://m.media-amazon.com/images/I/31e6siFuH6L._AC_.jpg,5.0,3
B000AQ8OFC,Power Acoustik 电子数码商品,电子数码,Power Acoustik,130,379,电子数码|电子产品,"Power Acoustik XPS-104 4"" Midrange 300W Speaker",Cell Phones & Accessories,Amazon Reviews 2023,https://m.media-amazon.com/images/I/41wCYpgsvAL._AC_.jpg,4.2,94
B09WV945TZ,LOVEVOOK 电子数码商品,电子数码,LOVEVOOK,288,380,电子数码|电子产品|电脑配件,"LOVEVOOK Laptop Backpack for Women Work Travel Backpack College Backpack Purse Business Commuter Computer Bag Teacher Doctor Nurse Bags, 15.6 Inch, Blue-black",电子数码,Amazon Reviews 2023,https://m.media-amazon.com/images/I/41RARtAliLL._AC_.jpg,4.7,1375
B0B7WT4RZK,Aiminu 充电器,电子数码,Aiminu,79,689,电子数码|电子产品|电脑配件|充电器|数据线,"Aiminu USB C to Lightning Cable 6ft 2Pack, Fast iPhone Charger MFi Certified Power USB C iPhone Cable Braided Type C iPhone Charging Cord for iPhone 13 12 11 Pro Max X XS XR 8 7 6s Plus SE, iPad-Red",Cell Phones & Accessories,Amazon Reviews 2023,https://m.media-amazon.com/images/I/41nflwR4WWL._AC_.jpg,4.5,5763
B01N1TCT1Z,AK 电子数码商品,电子数码,AK,79,751,电子数码|电子产品,"AK Bands Compatible with Fitbit Alta HR Bands, Genuine Leather Adjustable Comfortable Wristbands for Fitbit Alta HR/Fitbit Alta",AMAZON FASHION,Amazon Reviews 2023,https://m.media-amazon.com/images/I/51L78ZGThJL._AC_.jpg,4.5,1379
B0067HY1EQ,Tiffen 电子数码商品,电子数码,Tiffen,648,928,电子数码|电子产品|保护膜,"Tiffen 77mm Photo Essentials Kit with UV Protector, 812 Color Warming, Circular Polarizing Glass Filters and 4 Pocket Pouch",Camera & Photo,Amazon Reviews 2023,https://m.media-amazon.com/images/I/41DCE1ACFHL._AC_.jpg,4.6,576
B0753Y5RTG,Digipartspower 充电器,电子数码,Digipartspower,129,747,电子数码|电子产品|充电器|数据线,Digipartspower +16V + 32V AC DC Adapter for HP Photosmart 2575 2575V 2575xi Q3020A 5550v All-in-One Printer Scanner Copier Power Supply Cord Cable Charger,All Electronics,Amazon Reviews 2023,https://m.media-amazon.com/images/I/41iEGY-1FvL._AC_.jpg,5.0,1
B008GYKN68,Kastar 充电器,电子数码,Kastar,79,386,电子数码|电子产品|充电器|摄像头,Kastar NPBN1 Battery and Charger Kit for Sony NP-BN1 N Type Battery and Sony Cybershot DSC-TX5 DSC-TX7 DSC-TX9 DSC-WX30 DSC-WX50 DSC-WX70 DSC-WX9 DSC-QX10 DSC-QX100 DSC-TX10 DSC-TX20 DSC-TX30 Cameras,Camera & Photo,Amazon Reviews 2023,https://m.media-amazon.com/images/I/413Y9vY4avL._AC_.jpg,4.0,94
B0BNHVJ8NX,GMXT 保护壳,电子数码,GMXT,43,494,电子数码|电子产品|保护壳,"Universal Firestick Remote Cover Glow in The Dark - TV Stick 4k Remote Cover 2nd/3rd Gen, Firestick Remote Case Anti Slip Silicone Sleeve (Blue )",Cell Phones & Accessories,Amazon Reviews 2023,https://m.media-amazon.com/images/I/41ZZT6pMxUL._AC_.jpg,4.2,36
B08TLSB7WL,GOHIGH 保护套,电子数码,GOHIGH,79,967,电子数码|电子产品|摄像头,"GOHIGH Lens Replacement for GoPro Hero 9 Black, Protective Lens Glass Cover Action Camera Accessories Repair Part",Camera & Photo,Amazon Reviews 2023,https://m.media-amazon.com/images/I/310CO7Im3GL._AC_.jpg,4.1,21
B00K0LAPDQ,Pyle 电子数码商品,电子数码,Pyle,1202,337,电子数码|电子产品,"Pyle PLPW12D 12"" 3200W 4-Ohm DVC Car Subwoofer Sub 2 Pack w/ DVC 4 Ohm Impedance, Black Steel Basket, & Non Press Paper Cone and Dual Ported Enclosure",Car Electronics,Amazon Reviews 2023,https://m.media-amazon.com/images/I/41q-9x0XSCL._AC_.jpg,3.8,57
B01MZA1AB2,Intel 电子数码商品,电子数码,Intel,144,634,电子数码|电子产品|电脑配件,Intel Dual Band Wireless-Ac 8265 w/Bluetooth 8265.NGWMG,Computers,Amazon Reviews 2023,https://m.media-amazon.com/images/I/51DuEWGzGBL._AC_.jpg,4.6,618
B08GQ2VHQ6,Lightdow 摄像头,电子数码,Lightdow,698,363,电子数码|电子产品|摄像头,Lightdow 420-800mm f/8.3 Manual Zoom Super Telephoto Lens + T Mount Ring for Nikon D3500 D5600 D7500 D500 D600 D700 D750 D800 D850 D3200 D3400 D5100 D5200 D5300 D7000 D7200 Camera (White Version),Camera & Photo,Amazon Reviews 2023,https://m.media-amazon.com/images/I/31p3ynZblvL._AC_.jpg,3.7,398
B07WZT643Q,IFEART 充电器,电子数码,IFEART,259,377,电子数码|电子产品|电脑配件|充电器|数据线,"Charger for MacBook Pro 10FT, 96W USB C Charger Power Adapter for MacBook Pro 16, 15, 14, 13 inch 2023, 2022 2021, 2020, 2019, M1 M2 MacBook Air, LED, 5A USB-C Cable Charging as Fast as MagSafe 3",All Electronics,Amazon Reviews 2023,https://m.media-amazon.com/images/I/21QlbdFXAGL._AC_.jpg,4.5,2141
B00AZOIG9I,BM Premium 充电器,电子数码,BM Premium,166,151,电子数码|电子产品|充电器|摄像头,BM Premium 2-Pack of NP-85 Batteries and Charger Kit for FujiFilm FinePix S1 SL240 SL260 SL280 SL300 SL305 SL1000 Digital Camera,Camera & Photo,Amazon Reviews 2023,https://m.media-amazon.com/images/I/41S7Xqs6HcL._AC_.jpg,4.7,345
B09H2JQD48,KECOP 键盘,电子数码,KECOP,173,493,电子数码|电子产品|电脑配件|键盘,"KECOP Baby Pink USB Wire Keyboard with Rainbow LED Backlight Full 104 Keys Water-Resistant Mechanical Feeling Game Keyboard for Desktop, Computer, PC (Baby Pink)",Computers,Amazon Reviews 2023,https://m.media-amazon.com/images/I/41GWM+qGAOL._AC_.jpg,4.5,27
B0B6SQMZ4P,KKstorm 耳机,电子数码,KKstorm,141,447,电子数码|电子产品|耳机,KKstorm School Headset for School: Student Headphones Bulk for Classroom Headphones Class Set Bulk Order of Headphones Class Sets of Headphones for Students (Green),All Electronics,Amazon Reviews 2023,https://m.media-amazon.com/images/I/31Yd6YaIVjL._AC_.jpg,3.5,35
B07G5TWZXK,Samyang 电子数码商品,电子数码,Samyang,1577,729,电子数码|电子产品,"Samyang 24mm F/2.8 Prime Fixed Auto Focus Wide Angle Lens, Black (SYIO24AF-E)",Camera & Photo,Amazon Reviews 2023,https://m.media-amazon.com/images/I/41dGqFiGMML._AC_.jpg,4.4,105
B09X983942,Macally 键盘,电子数码,Macally,144,852,电子数码|电子产品|电脑配件|键盘,Macally 2.4G USB Wireless Keyboard for Laptop or Computer - Keep it Simple - Full Size Keyboard with Numeric Keypad & 13 Shortcut Keys - Plug and Play PC Keyboard Wireless - White Keyboard Cordless,Computers,Amazon Reviews 2023,https://m.media-amazon.com/images/I/41131SYREkL._AC_.jpg,4.5,3095
B0BMXFDSKM,HP 电子数码商品,电子数码,HP,4313,228,电子数码|电子产品|电脑配件,"HP 15.6"" Micro-Edge HD Laptop, Intel Core i3-1115G4 up to 4.1GHz (Beat i5-1035G4), 16GB RAM, 512GB PCIe SSD, Wi-Fi 6, Lightweight, Bluetooth, Webcam, Fast Charge, 11 Hours Battery Life, HDMI, Win11",Computers,Amazon Reviews 2023,https://m.media-amazon.com/images/I/41od9e6g4kL._AC_.jpg,4.2,16
B0029L7IYY,Technical Pro 数据线,电子数码,Technical Pro,115,557,电子数码|电子产品|数据线,"Technical Pro C-QS-1225 25' 1/4"" to Speakon Speaker Cable, 12 Gauge",All Electronics,Amazon Reviews 2023,https://m.media-amazon.com/images/I/41TUC1ja92L._AC_.jpg,4.4,11
B00AOBL7H0,PWR+ 电子数码商品,电子数码,PWR+,72,473,电子数码|电子产品|电脑配件,Pwr Computer Monitor TV Replacement Power Cord - 6-Foot,All Electronics,Amazon Reviews 2023,https://m.media-amazon.com/images/I/41mSV6z6NlL._AC_.jpg,5.0,3
B08BCB52MR,RUBANG 电子数码商品,电子数码,RUBANG,50,638,电子数码|电子产品|电脑配件,"50Pcs Ocean Animal Stickers for Kids Teen, Waterproof Decal for Hydro Flask Water Bottle Laptop Skateboard Computer Phone Bike Luggage Helmet, Cute Fashion Girl Gift - Marine Life",Computers,Amazon Reviews 2023,https://m.media-amazon.com/images/I/61TQ97cnxLL._AC_.jpg,4.7,65
B087NHW5FZ,GearFend 摄像头,电子数码,GearFend,36,136,电子数码|电子产品|摄像头,"GearFend Dust Cleaner Strong Cleaning Air Blower for All DSLR Camera & Camcorders, Lens, LCD Screens, etc + Microfiber Cloth",Office Products,Amazon Reviews 2023,https://m.media-amazon.com/images/I/31Ay1Dn8RrL._AC_.jpg,4.5,783
B00XIMZT8A,Absolute 电子数码商品,电子数码,Absolute,360,417,电子数码|电子产品,Absolute C15LGR 15-Feet Long/4-Feet Wide Light Grey Carpet for Speaker Sub Box Carpet rv Truck Car Trunk Laner,Car Electronics,Amazon Reviews 2023,https://m.media-amazon.com/images/I/41WvQvhukqL._AC_.jpg,3.4,22
B09H2Z9MFL,Alapmk 保护壳,电子数码,Alapmk,166,357,电子数码|电子产品|电脑配件|保护壳,"Alapmk Protective Cover Case for 11.6"" ASUS Chromebook CX1 CX1100CNA CX1100CNA-AS42/Dell Inspiron 11 2-in-1 3195 i3195 Laptop[Not fit Dell Inspiron 11 2-in-1 3168 3169 3179 3185],Galaxy",Cell Phones & Accessories,Amazon Reviews 2023,https://m.media-amazon.com/images/I/51DbXdjtHHL._AC_.jpg,4.2,57
B07Y8T5GTV,AIUNIT 电子数码商品,电子数码,AIUNIT,72,156,电子数码|电子产品,"AIUNIT Compatible with Alta HR and Alta Band, Replacement Accessories Bands Siilicon Sport Wristbands/Metal Bands Small Large for Alta Ace Fitness Tracker Women Men",Sports & Outdoors,Amazon Reviews 2023,https://m.media-amazon.com/images/I/51nw-2h9JgL._AC_.jpg,4.2,279
B0743MQB7N,PLATINUM DELUX 数据线,电子数码,PLATINUM DELUX,65,81,电子数码|数据线,"PlatinumPower AC Power Cord Cable for Sony Boombox CFD-S38, CFD-S39, CFD-S55",All Electronics,Amazon Reviews 2023,https://m.media-amazon.com/images/I/41OzWEsiRPL._AC_.jpg,1.0,1
B018UK9Y6M,Bluelounge 电子数码商品,电子数码,Bluelounge,144,372,电子数码|电子产品|电脑配件,"Bluelounge Mika, White",Computers,Amazon Reviews 2023,https://m.media-amazon.com/images/I/21UYJ-cdIKL._AC_.jpg,3.9,10
B0BJ7F4W33,attodigit@l 保护壳,电子数码,attodigit@l,400,572,电子数码|电子产品|保护壳,"Mini Voice Activated Recorder, Lightweight Aluminium Case, 26 Hours Recording Battery Time, for Lectures, Meetings, Classes and More - by aTTo Digital",All Electronics,Amazon Reviews 2023,https://m.media-amazon.com/images/I/31W2GmE-6VL._AC_.jpg,4.8,10
B0B9GX98SX,ANTOGOO V 屏幕保护膜,电子数码,ANTOGOO V,50,724,电子数码|电子产品|电脑配件|保护膜,"ANTOGOO V Tempered Glass Screen Protector Compatible with MacBook Pro 14 inch 2021 M1 Chip(A2442), 9H Hardness/No Bubble/Clear",Cell Phones & Accessories,Amazon Reviews 2023,https://m.media-amazon.com/images/I/31jo9YyfL-L._AC_.jpg,3.0,2
B01EJZFUFG,Electriduct 数据线,电子数码,Electriduct,1440,140,电子数码|电子产品|保护膜|数据线,The Goliath Extra Large Drop Over Cable Protector - 2 Channel (2 Pack),Tools & Home Improvement,Amazon Reviews 2023,https://m.media-amazon.com/images/I/51I+N9Yln6L._AC_.jpg,4.9,14
B005DL1IJS,4Keyboard 键盘,电子数码,4Keyboard,20,239,电子数码|电子产品|电脑配件|键盘,4Keyboard Korean Japanese Hiragana Stickers for Keyboard with Blue and Yellow Lettering Transparent Background,Computers,Amazon Reviews 2023,https://m.media-amazon.com/images/I/512+T6c5lPL._AC_.jpg,3.0,1
B0BSNTW9ZS,SCROY 键盘,电子数码,SCROY,50,691,电子数码|电子产品|电脑配件|键盘|鼠标,2X SCROY Trackpoint Caps for Lenovo ThinkPad Replacement for Keyboard Mouse (Soft Rim),Computers,Amazon Reviews 2023,https://m.media-amazon.com/images/I/31KmAgQgdBL._AC_.jpg,2.7,3
B01HME9RX2,Dexpt 充电器,电子数码,Dexpt,108,451,电子数码|电子产品|电脑配件|充电器,65W 45W Charger Fit for Lenovo Yoga 710 310 510 520 530 720 330 C640 Laptop - (Safety Certified by UL),Computers,Amazon Reviews 2023,https://m.media-amazon.com/images/I/21JxXO+uRUL._AC_.jpg,4.6,1401
B00A493CNY,StarTech 电子数码商品,电子数码,StarTech,656,887,电子数码|电子产品|电脑配件,StarTech.com DisplayPort to DVI Dual Link Active Adapter - DisplayPort to DVI-D Adapter Video Converter 2560x1600 60Hz - DP 1.2 to DVI Monitor - USB Powered - Latching DP Connector (DP2DVID2),Home Audio & Theater,Amazon Reviews 2023,https://m.media-amazon.com/images/I/41ipnzwBz1L._AC_.jpg,4.0,384
B0BNV9DJVK,Hotechs. 电子数码商品,电子数码,Hotechs.,173,918,电子数码|电子产品,"MP3 Player / MP4 Player, Hotechs MP3 Music Player with 32GB Memory SD Card Slim Classic Digital LCD 1.82'' Screen Mini USB Port with FM Radio, Voice Record",Home Audio & Theater,Amazon Reviews 2023,https://m.media-amazon.com/images/I/51YNXnFBewL._AC_.jpg,3.2,7
B0071SSBPK,GE 充电器,电子数码,GE,144,798,电子数码|电子产品|充电器|摄像头,Original MH-63 Battery Charger fits Nikon EN-EL10 Batteries (with Power Cord) for Ge camera,Camera & Photo,Amazon Reviews 2023,https://m.media-amazon.com/images/I/31DqX13uzZL._AC_.jpg,2.9,3
B07M67FJDB,CaseBot 保护壳,电子数码,CaseBot,58,411,电子数码|电子产品|保护壳,"CaseBot Leather Case for Kindle Oasis (10th and 9th Gen, 2019 and 2017 Release) - Slim Fit Protective Cover, Black",All Electronics,Amazon Reviews 2023,https://m.media-amazon.com/images/I/41TLloi1tdL._AC_.jpg,4.5,1444
B0BKSXPZ82,AKSHFETH 保护壳,电子数码,AKSHFETH,65,592,电子数码|电子产品|保护壳,"Silicone Cover for NS-RCFNA-21 Insignia/Toshiba Firetv Remote, Silicone Protective Case for TV Omni Series and TV 4-Series 4K Remote with Lanyard(Red)",All Electronics,Amazon Reviews 2023,https://m.media-amazon.com/images/I/51-xhzR2a4L._AC_.jpg,4.2,25
B07ZZ595TG,Aproca 保护壳,电子数码,Aproca,108,679,电子数码|电子产品|保护壳|摄像头,"Aproca Hard Storage Travel Case, for AKASO EK7000 4K Sports Action Camera/Dremel Versa Cleaning Tool PC10",Amazon Home,Amazon Reviews 2023,https://m.media-amazon.com/images/I/5110krbdvtL._AC_.jpg,4.6,489
B09X52MNQY,HOVOYNN 充电器,电子数码,HOVOYNN,165,429,电子数码|电子产品|充电器,"Emergency Hand Crank Weather Solar Radio, radios Portable Power Bank 4000mAh Hand Crank AM FM/NOAA Radio with LED Flashlights Reading Lamp Cellphone Charger SOS Alarm for Camping Home Outdoor",All Electronics,Amazon Reviews 2023,https://m.media-amazon.com/images/I/51a5w2uJtkL._AC_.jpg,4.2,19
B0B2P1FPLF,Vbestlife 耳机,电子数码,Vbestlife,71,685,电子数码|电子产品,Vbestlife Emergency Radio Battery Operated Transistor Radio AM/FM with Speaker Headphone Jack for Travel Camping Parents Gift(Silver Gray),All Electronics,Amazon Reviews 2023,https://m.media-amazon.com/images/I/41vWVDRvZAL._AC_.jpg,4.5,8
B01DLNTUYY,lcd4laptop 电子数码商品,电子数码,lcd4laptop,487,837,电子数码|电子产品|电脑配件,"lcd4laptop HP TouchSmart 15-AC 15-AC121DX B156XTK01.0 15.6"" LCD Screen Display Touch",Computers,Amazon Reviews 2023,https://m.media-amazon.com/images/I/41qtEPP6pQL._AC_.jpg,4.4,74
B08JYXM5XD,meiyasy 保护壳,电子数码,meiyasy,94,522,电子数码|电子产品|保护壳,"Airpods Case, Airpods Accessories Kits, 2 Pack Protective Silicone Cover Apple Airpods Anti-Lost Airbag Belt, for Apple AirPods 2nd 1st Generation (Black+White)",Computers,Amazon Reviews 2023,https://m.media-amazon.com/images/I/41ZkNdV5DGS._AC_.jpg,4.4,1411
B0993H9FLR,SHREBORN 保护壳,电子数码,SHREBORN,107,657,电子数码|电子产品|电脑配件|保护壳,"Alcatel Joy Tab 2 8 inch 2020 Kids Case(Model 9032Z), Alcatel Joy Tab 2 Case-SHREBORN Kids Shockproof Handle Friendly Case with Stand for Metroby t-Mobile Alcatel Joy Tab 2 8"" 2020 Tablet(Blue)",Computers,Amazon Reviews 2023,https://m.media-amazon.com/images/I/51g4ylPhjyS._AC_.jpg,4.7,2062
B09QSNNBBV,erjigo 耳机,电子数码,erjigo,173,862,电子数码|电子产品,"erjigo Earphone, Customized Comfort, GK-GS10Earbuds, 4BA+1DD Configuration, Noise-canceling Headphone, HiFi Sports&Fitness Headphones (Black no mic)",All Electronics,Amazon Reviews 2023,https://m.media-amazon.com/images/I/41WqjKsKZVL._AC_.jpg,5.0,5
B07T9GCD14,Amazon Renewed 电子数码商品,电子数码,Amazon Renewed,317,801,电子数码|电子产品,JBL CLIP 3 - Waterproof Portable Bluetooth Speaker - Gray (Renewed),All Electronics,Amazon Reviews 2023,https://m.media-amazon.com/images/I/51AqjAfWf+L._AC_.jpg,4.7,1646
B0B9JTJK7W,valkit 保护壳,电子数码,valkit,166,298,电子数码|电子产品|电脑配件|保护壳,"Valkit for New iPad Pro 12.9 2017 Cover, iPad Pro 12.9 Case, Apple iPad Pro 12.9 Inch 2015 Folio Smart Folio Stand Protective Heavy Duty Rugged Armor Cases with Apple Pencil Holder, Black",Computers,Amazon Reviews 2023,https://m.media-amazon.com/images/I/511XTIr08xL._AC_.jpg,4.6,2642
B00JYFN9YG,ICE 电子数码商品,电子数码,ICE,360,387,电子数码|电子产品,ICE 100mm ND1000 Square Filter Neutral Density 10 Stop Optical Glass fits Cokin Z,Camera & Photo,Amazon Reviews 2023,https://m.media-amazon.com/images/I/21ZUBBtdr4L._AC_.jpg,4.3,72
B0C559BCG4,Arlo 摄像头,电子数码,Arlo,271,196,电子数码|电子产品|摄像头,"Arlo Camera Housing - Arlo Certified Accessory - Change Your Camera Housing to Fit Your Space, Works with Arlo Pro 5S 2K, Pro 4, Pro 3, Ultra 2, and Ultra Cameras, White - VMA5202H",Tools & Home Improvement,Amazon Reviews 2023,https://m.media-amazon.com/images/I/31Q+VVg-3eL._AC_.jpg,4.6,50
B01AC7CC24,Harmony Audio 电子数码商品,电子数码,Harmony Audio,180,942,电子数码|电子产品,Compatible with Chevy Tahoe 1995 1996 1997 1998 1999 2000 2001 2002 Single DIN Stereo Harness Radio Install Dash Kit Package,Car Electronics,Amazon Reviews 2023,https://m.media-amazon.com/images/I/41Nv9jaM0YL._AC_.jpg,4.7,40
B0B7JQWK1Q,byojia 充电器,电子数码,byojia,72,127,电子数码|电子产品|电脑配件|充电器|数据线,"iPhone Charger Cord, | Apple MFi Certified | Lightning Cable 3 Pack USB Fast Charging Cord Compatible with Apple iPhone 13 12 11 Pro Max XR XS X/8Plus/7Plus/6Plus/5s/iPad iPod Touch More (10FT, Grey)",Industrial & Scientific,Amazon Reviews 2023,https://m.media-amazon.com/images/I/41qNCcBu6FL.jpg,4.5,56
B07XYHC577,Grain Valley 保护套,电子数码,Grain Valley,126,410,电子数码|电子产品|存储,Grain Valley DriveTrack 71 Protective Cover Heavy Duty Silicone (Hunter Orange),Pet Supplies,Amazon Reviews 2023,https://m.media-amazon.com/images/I/310nBg0njWL._AC_.jpg,3.8,21
B0C3C5S2H3,VEKOOTO 摄像头,电子数码,VEKOOTO,708,552,电子数码|电子产品|摄像头,"VEKOOTO RV Backup Camera System Wired AHD 1080P 7“ Split Screen Monitor, IP69 Recording/Waterproof/Night Vision, 2 Channels Camera for Truck Camper Adapter Trailer (N72)",Cell Phones & Accessories,Amazon Reviews 2023,https://m.media-amazon.com/images/I/517nSocSsZL._AC_.jpg,4.1,32
B07C9W6G2Y,A-Tech 电子数码商品,电子数码,A-Tech,86,278,电子数码|电子产品|电脑配件,A-Tech 1GB STICK For Dell Vostro Desktop Series 200 Mini Tower 200 Slim Tower 200S (Slim Tower) 220 Mini Tower 220s Slim Tower 320 (All-In-One) 400 400 Mi. DIMM DDR2 NON-ECC PC2-6400 800MHz RAM Memory,Computers,Amazon Reviews 2023,https://m.media-amazon.com/images/I/41aXS2qFopL._AC_.jpg,5.0,1
B0BX49PM8V,Rockville 电子数码商品,电子数码,Rockville,648,327,电子数码|电子产品,Rockville KRYPTON-M0 1400w Peak/350w RMS Mono 1 Ohm Car Amplifier Amp+Remote,Cell Phones & Accessories,Amazon Reviews 2023,https://m.media-amazon.com/images/I/41Rls1f+JUS.jpg,4.5,17
B099RB31ML,POHNUI 电子数码商品,电子数码,POHNUI,122,203,电子数码|电子产品,"POHNUI 3 Pack Leather Bands Compatible with Fitbit Versa 2/Versa/Versa Lite/Versa SE for Women Men, Adjustable Soft Leather Replacement Strap Wristband for Fitbit Versa Smart Watch",All Electronics,Amazon Reviews 2023,https://m.media-amazon.com/images/I/513wBdYg-TL._AC_.jpg,4.5,320
B09TS8MB1T,Supveco 保护壳,电子数码,Supveco,122,73,电子数码|电子产品|电脑配件|保护壳,"Supveco iPad Air 5th/4th Generation Case 2022/2020, iPad 10.9 Inch Cover with Pencil Holder, [Support 2nd Apple Pencil Charging+Touch ID] Trifold Stand Case with Soft TPU Back, Rose Gold",Computers,Amazon Reviews 2023,https://m.media-amazon.com/images/I/51NF2aufjEL._AC_.jpg,4.5,264
B007JT4AW4,Olympus 摄像头,电子数码,Olympus,187,480,电子数码|电子产品|摄像头,Olympus SZ30 SZ10 SZ11 SZ12 SZ14 SZ20 SZ30 SZ-10 SZ-11 SZ-12 SZ-14 SZ-20 ~ LCD Screen Display ~ DIGITAL CAMERA Repair Parts Replacement,Camera & Photo,Amazon Reviews 2023,https://m.media-amazon.com/images/I/31eBdrr+92L._AC_.jpg,3.4,4
B07XHT7GM4,BLLQ 电子数码商品,电子数码,BLLQ,43,373,电子数码|电子产品,"BLLQ Ear Hooks Compatible with Air Pods [Anti-Drop][Comfortable] [Fit] [Durable], Compatible with AirPod1 & 2 Earbud Ear Hook ，White",All Electronics,Amazon Reviews 2023,https://m.media-amazon.com/images/I/31PlPE-p-LL._AC_.jpg,3.6,190
B0B6P5NF2Z,YEHOBU 保护壳,电子数码,YEHOBU,259,819,电子数码|电子产品|电脑配件|保护壳|键盘,"Galaxy Tab S8+/ S7 FE/ S7+ Keyboard Case 12.4 inch Keyboard Case for Samsung Tab S8 Plus/S7 FE/S7 Plus - Backlit Wireless Detachable Keyboard with S Pen Holder, Slim Multi-Angle, Black",Computers,Amazon Reviews 2023,https://m.media-amazon.com/images/I/51pT4kRlRhL._AC_.jpg,3.7,30
B07FZ21VWY,Dteck 保护壳,电子数码,Dteck,94,278,电子数码|电子产品|电脑配件|保护壳,"Dteck Case for iPad Mini 1/2/3/4 - Slim Premium Leather Multi-Angle View Stand Folio Smart with Auto Wake/Sleep Soft Back Cover for Apple iPad Mini 5th Gen 2019/Mini 4/Mini 3/Mini 2, Pink Sand",Computers,Amazon Reviews 2023,https://m.media-amazon.com/images/I/41VddRdv1xL._AC_.jpg,4.4,269
B0BJL1MZ16,YUNLOVXEE 电子数码商品,电子数码,YUNLOVXEE,72,472,电子数码|电子产品|电脑配件,"YUNLOVXEE Mini Cell Phone Fan for iPhone - 4 Pack Personal Portable Pocket Small Fan for Travel Outdoor Commuting, Cell Phone Fan Plug in iPhone, iPad Pro Air Max Plus Mini Cellphone Accessories",Amazon Home,Amazon Reviews 2023,https://m.media-amazon.com/images/I/31vIZ7StMXL._AC_.jpg,4.3,13
B08LF36XD2,Youkamoo 数据线,电子数码,Youkamoo,173,482,电子数码|电子产品|数据线,"Youkamoo 4 Pin XLR Balanced Male Compatible for Hifiman HE4XX, HE-400i Headphones 8 Core Braided Silver Plated Replacement Audio Upgrade Cable (2 x 3.5mm Version)",Industrial & Scientific,Amazon Reviews 2023,https://m.media-amazon.com/images/I/41abb4XicxL.jpg,4.5,140
B08225X6DB,MIGHTY SKINS 电子数码商品,电子数码,MIGHTY SKINS,71,960,电子数码|电子产品,"MightySkins Carbon Fiber Skin for Apple Airpods Pro - Abstract Black | Textured Carbon Fiber Finish | Easy to Apply, Remove, and Change Styles | Made in The USA",Cell Phones & Accessories,Amazon Reviews 2023,https://m.media-amazon.com/images/I/51jk3HY3LvL._AC_.jpg,3.4,16
B07GJV8JQ4,FormMount 摄像头,电子数码,FormMount,436,744,电子数码|电子产品|摄像头,"F3 Cycling Bike Stem Computer Mount Holder Stand - Anti-Shake, Adjustable, Fits GPS (Garmin, Wahoo, Sigma, Hammerhead), Cameras and Lights",Sports & Outdoors,Amazon Reviews 2023,https://m.media-amazon.com/images/I/414D5oJkIBL._AC_.jpg,3.9,89
B004TNKXBU,Extenuating Threads 数据线,电子数码,Extenuating Threads,71,525,电子数码|电子产品|数据线,AC Power Cord Cable 6FT for NEC Computer Monitor with Life Time Warranty,Industrial & Scientific,Amazon Reviews 2023,https://m.media-amazon.com/images/I/51TVtkw-ZRL.jpg,5.0,1
B0BX6GGSTJ,APBFH 键盘,电子数码,APBFH,94,395,电子数码|电子产品|电脑配件|键盘,APBFH Keyboard Brush Kit for Cleaning Computer Laptop PC Car Detailing(Set of 3),Amazon Home,Amazon Reviews 2023,https://m.media-amazon.com/images/I/416kPEQ1xYL._AC_.jpg,4.7,26
B01N4IEZ67,LZCT 数据线,电子数码,LZCT,389,543,电子数码|电子产品|数据线,LZCT 4K HDMI 2.0 Cable 100FT Unidirectional High-Speed HDMI Cord V2.0 with Built-in Signal Booster Support 3D UHD 2160P HDR 1080P with Ethernet and ARC(Length from 3' to 125') Dual Color Mould,Industrial & Scientific,Amazon Reviews 2023,https://m.media-amazon.com/images/I/31INkmataTS._AC_.jpg,4.6,1163
B07PCMZVTF,YDYBZB 保护套,电子数码,YDYBZB,50,203,电子数码|电子产品,1 Pair of Round Protein Leather Ear Pads Cushion Cover Earpads Compatible with SMS Audio Street by 50 Over-Ear Wired Headphones (White),All Electronics,Amazon Reviews 2023,https://m.media-amazon.com/images/I/41mLYPapjdL._AC_.jpg,4.4,30
B078GKFJ9M,SLLEA 充电器,电子数码,SLLEA,136,366,电子数码|电子产品|充电器,SLLEA AC/DC Adapter for LG Flatron W2286L W2286LV W2286L-PF 22 Widescreen LCD Monitor Power Supply Cord Wall Home Charger PSU,All Electronics,Amazon Reviews 2023,https://m.media-amazon.com/images/I/51lBsfZHpKL._AC_.jpg,3.0,1
B00XIT6C20,AXXESS 电子数码商品,电子数码,AXXESS,582,644,电子数码|电子产品,Metra TYTO-01 JBL Amplifier Interface Harness & Metra 70-8114 Steering Wheel Control Wire Harness with RCA for 2003-Up Select Toyota/Scion/Lexus Vehicles,Car Electronics,Amazon Reviews 2023,https://m.media-amazon.com/images/I/31vXNrCk1hL._AC_.jpg,4.3,1368
B08S7RR9JJ,EKWB 电子数码商品,电子数码,EKWB,1230,607,电子数码|电子产品|电脑配件,"EKWB EK-Classic GPU Water Block RTX 3080/3090, Digital RGB, Nickel/Plexi",Industrial & Scientific,Amazon Reviews 2023,https://m.media-amazon.com/images/I/41HlPGNqgqL.jpg,4.2,6
B08JZ5CFWZ,Lubardy 保护壳,电子数码,Lubardy,187,0,电子数码|电子产品|电脑配件|保护壳|办公,Laptop Bag for Women Waterproof Lightweight 15.6 Inch Leather Laptop Tote Bag Large Women Briefcase Professional Business Office Computer Work Bags Shoulder Handbag Brown,Computers,Amazon Reviews 2023,https://m.media-amazon.com/images/I/51lwPuOz+7L._AC_.jpg,4.6,1239
B000HHHP7C,K-Byte 电子数码商品,电子数码,K-Byte,389,552,电子数码|电子产品,KByte Fingerprint Security Reader,All Electronics,Amazon Reviews 2023,https://m.media-amazon.com/images/I/41Y2XTNAiWL._AC_.jpg,4.0,327
B07TB2C8QS,Apevia 保护壳,电子数码,Apevia,547,151,电子数码|电子产品|电脑配件|保护壳,"Apevia Aura-P-BK Mid Tower Gaming Case with 2 x Full-Size Tempered Glass Panel, Top USB3.0/USB2.0/Audio Ports, 4 x RGB Fans, Black Frame",Computers,Amazon Reviews 2023,https://m.media-amazon.com/images/I/41fuytEOuBL._AC_.jpg,4.3,1119
B07Q1JN792,C&E 数据线,电子数码,C&E,65,644,电子数码|电子产品|数据线,"C&E High Speed HDMI Cable with Ethernet Black, (6 Feet/1.8 Meters), Supports 4K, 3D and Audio Return",Home Audio & Theater,Amazon Reviews 2023,https://m.media-amazon.com/images/I/41IfnleVoML._AC_.jpg,4.6,531
B08QCPDKW1,waveshare 电子数码商品,电子数码,waveshare,1490,947,电子数码|电子产品|电脑配件,waveshare Jetson Nano Developer Kit Small Computer for AI Development - B01 New Version,Computers,Amazon Reviews 2023,https://m.media-amazon.com/images/I/414NgToO2+L._AC_.jpg,3.6,13
B07XFQGPCG,Rockford Fosgate 电子数码商品,电子数码,Rockford Fosgate,1584,798,电子数码|电子产品,Rockford Fosgate R2-200X2 Prime 200-Watt 2-Channel Amplifier,Car Electronics,Amazon Reviews 2023,https://m.media-amazon.com/images/I/31wm1e2f66L._AC_.jpg,4.7,62
B07VLDQMV3,Tan QY 数据线,电子数码,Tan QY,144,174,电子数码|电子产品|电脑配件|数据线,"Active USB 2.0 Printer Cable 50Ft - A-Male to B-Male High Speed Printer/Scanner/Repeater Cable for HP, Canon, Lexmark, Dell, Samsung etc (50Ft/15M)",Industrial & Scientific,Amazon Reviews 2023,https://m.media-amazon.com/images/I/41jdWMkKIkL.jpg,4.5,188
B07H8QWTPH,Amazon Renewed 电子数码商品,电子数码,Amazon Renewed,1008,717,电子数码|电子产品|电脑配件,Apple 16GB iPad Air Wi-Fi Silver MGLW2LL/A (Renewed),Computers,Amazon Reviews 2023,https://m.media-amazon.com/images/I/41bvGz7T10L._AC_.jpg,4.1,712
B08HCXS2L5,LOVEVOOK 电子数码商品,电子数码,LOVEVOOK,288,553,电子数码|电子产品|电脑配件,"LOVEVOOK Laptop Backpack Purse for Women, Work Business Travel Computer Bags, Teacher Nurse Backpack for Womens, Quilted Casual College Daypack with USB Port, Fit 15.6 Inch Laptop, Grey",Computers,Amazon Reviews 2023,https://m.media-amazon.com/images/I/41BXzLXQBiL._AC_.jpg,4.8,6656
B0045ZMWPM,Amamax 电子数码商品,电子数码,Amamax,50,213,电子数码|电子产品,"Amamax F-Pin Coupler, Female / Female. F Type Connectors,10 pack",Home Audio & Theater,Amazon Reviews 2023,https://m.media-amazon.com/images/I/41sny4mpQ+L._AC_.jpg,4.3,7
B07MKWC2XN,ASHATA 游戏商品,电子数码,ASHATA,641,814,电子数码|电子产品,"ASHATA 13.9inch HD TV Portable DVD Player with Eye-Protected Swivel Screen 800 * 480 Resolution 16:9 LCD Screen,Support TV/Game/FM Radio Function.(Black)",All Electronics,Amazon Reviews 2023,https://m.media-amazon.com/images/I/51E0CYqVX7L._AC_.jpg,3.3,3
B003Y2PK92,Fotodiox 摄像头,电子数码,Fotodiox,59,360,电子数码|电子产品|摄像头,Fotodiox Replacement Rear Lens Cap Compatible with Sony Alpha A-Mount and Minolta AF DSLR Cameras,Camera & Photo,Amazon Reviews 2023,https://m.media-amazon.com/images/I/41taqIE60-L._AC_.jpg,4.2,65
B077BNJHVJ,ASUS 电子数码商品,电子数码,ASUS,7200,670,电子数码|电子产品|电脑配件,"ASUS UX430UN-NB71 ZenBook 14"" Ultra-Slim Laptop with 14 inch FHD Display, Intel Core i7-8550U (up to 4.00 GHz)",Computers,Amazon Reviews 2023,https://m.media-amazon.com/images/I/41tPciYs5jL._AC_.jpg,4.2,59
B0000XMWT4,Orion 电子数码商品,电子数码,Orion,276,760,电子数码|电子产品,Orion 8728 32mm Sirius Plossl Telescope Eyepiece,Camera & Photo,Amazon Reviews 2023,https://m.media-amazon.com/images/I/31JqAI+nLnL._AC_.jpg,4.5,49
B08X2DCF2B,Verbatim 电子数码商品,电子数码,Verbatim,194,662,电子数码|电子产品|电脑配件,"Verbatim 4.7GB Up to 16X Datalifeplus White Inkjet Printable Recordable Disc DVD-R, 50 -Disc Spindle",All Electronics,Amazon Reviews 2023,https://m.media-amazon.com/images/I/41max0L5CSL._AC_.jpg,4.6,1104
B08LPNPFC4,Kate 电子数码商品,电子数码,Kate,1166,72,电子数码|电子产品,Kate 10x15ft/3m(W) x4.5m(H) Large Black Backdrop Dark Texture Backgrounds Seamless Portrait Photography Backdrops Photography Studio Prop,Camera & Photo,Amazon Reviews 2023,https://m.media-amazon.com/images/I/41eXgNWDniL._AC_.jpg,4.5,84
B071YJFTV4,Hseok 保护壳,电子数码,Hseok,115,229,电子数码|电子产品|电脑配件|保护壳,"Laptop Sleeve Elastic Neoprene Case Compatible with 13-14 inch MacBook Air/Pro M1 M2, XPS 13, Surface Laptop 13.5"", Water Repellent Notebooks Hand Bag with Handle and Small Case,Butterfly",Computers,Amazon Reviews 2023,https://m.media-amazon.com/images/I/51wJ5C7w1+S._AC_.jpg,4.6,8298
B0B8CY1MJ4,SIMOLIO 耳机,电子数码,SIMOLIO,576,572,电子数码|电子产品,"SIMOLIO Wireless Headphones for TV Watching with Transmitter/Charging Dock 2 in 1, 2.4G Wireless Earbuds for TV Listening, Dialog Mode & Boosted Vol & Spare Battery for Seniors, by-Pass, 100ft Range",All Electronics,Amazon Reviews 2023,https://m.media-amazon.com/images/I/41XZsM-uDQL._AC_.jpg,4.0,54
B0B6S3PLNR,Wirenest 数据线,电子数码,Wirenest,176,307,电子数码|电子产品|电脑配件|数据线|摄像头,Wirenest 12ft VISCA PTZ Daisy Chain Camera Control Cable for Sony EVI/BRC/SRG Series RS232 8 Pin Mini DIN to 8 Pin Mini DIN Serial,Industrial & Scientific,Amazon Reviews 2023,https://m.media-amazon.com/images/I/31dUK3gjPWS.jpg,4.6,252
B00CY8S41S,Senal 数据线,电子数码,Senal,152,360,电子数码|电子产品|数据线,Senal Coiled Replacement Coiled Cable for SMH-1000 Headphones - 4 to 10' (1.2-3 m),All Electronics,Amazon Reviews 2023,https://m.media-amazon.com/images/I/51qqfwbOHxL._AC_.jpg,4.0,7
B001E6BAHQ,Softalk 电子数码商品,电子数码,Softalk,108,885,电子数码|电子产品,Softalk 301ST MiniSoftalk ShoulderRest Black,All Electronics,Amazon Reviews 2023,https://m.media-amazon.com/images/I/31vnf4SPovL._AC_.jpg,3.0,20
B071JDPKJ8,Audiopipe 电子数码商品,电子数码,Audiopipe,165,673,电子数码|电子产品,"AUDIOPIPE SPEAKER 3.5"" 2-WAY (pair) 90 WATTS",Cell Phones & Accessories,Amazon Reviews 2023,https://m.media-amazon.com/images/I/51pZPESMRdL._AC_.jpg,4.0,29
B07X46T141,DHK 电子数码商品,电子数码,DHK,504,376,电子数码|电子产品|电脑配件,DHK Leather Backpack Vintage Laptop Bookbag for Women Men Travel Rucksack Bag,电子数码,Amazon Reviews 2023,https://m.media-amazon.com/images/I/41dU47-3Y9L._AC_.jpg,4.0,42
B0BG5NKDL7,Pawcute 电子数码商品,电子数码,Pawcute,107,632,电子数码|电子产品,"Safe Sound Personal Alarm for Women, 130dB Loud Personal Safety Alarm Keychain with Strobe Led Light, Personal Security Alarm Safety Keychain Help Women Men Elderly Kids in Emergency",Tools & Home Improvement,Amazon Reviews 2023,https://m.media-amazon.com/images/I/41sm-QGhlHL._AC_.jpg,4.3,47
B07PS6M97W,TENINYU 数据线,电子数码,TENINYU,47,194,电子数码|电子产品|数据线,"TENINYU 3.5mm Mono Cable - 12V Trigger, IR Infrared Sensor Receiver Extension Extender, 3.5mm 1/8"" TS Monaural Mini Mono Audio Plug Jack Connector Male to Male Cable (3FT)",All Electronics,Amazon Reviews 2023,https://m.media-amazon.com/images/I/41qsMG3SlNL.jpg,4.7,231
B007VJTUQ8,QVS 数据线,电子数码,QVS,76,118,电子数码|电子产品|电脑配件|数据线,QVS 15-Foot Blue USB 3.0 Type A Male to Type B Male Cable (CC2219C-15),Computers,Amazon Reviews 2023,https://m.media-amazon.com/images/I/41ihY-Vv+PL._AC_.jpg,1.0,1
B0915C35CH,H HIFIHEAR 数据线,电子数码,H HIFIHEAR,187,797,电子数码|电子产品|数据线|耳机,"KBEAR KS2 in Ear Monitors,H HIFIHEAR 1BA 1DD Stereo in Ear Earphones, HiFi in Ear Ear Earbud Headset Noise Cancelling Hybrid Earphone with Removable Cable for Running Walking (with mic, KS2 Cyan) …",All Electronics,Amazon Reviews 2023,https://m.media-amazon.com/images/I/41tQ3l5v5sL._AC_.jpg,4.5,461
B07WWX18K5,erjigo 数据线,电子数码,erjigo,468,200,电子数码|电子产品|数据线,"in-Ear Monitors, KZ ZSX 1DD+5BA Hybrid HiFi Stereo Noise Isolating Sport IEM Earphones/Earbuds/Headphones with Detachable Cable, Computer (Without MIC, Black)",All Electronics,Amazon Reviews 2023,https://m.media-amazon.com/images/I/41IJiZr6sbL._AC_.jpg,4.5,118
B08RJDB78J,SKTU 屏幕保护膜,电子数码,SKTU,100,706,电子数码|电子产品|保护膜,SKTU for 2020 2021 2022 2023 Toyota Tacoma Screen Protector 8 Inch 2020 2021 2022 2023 Toyota Tacoma N300 GPS Display Tacoma Third Generation Tempered Glass Tacoma 2023 Accessories 9H Hardness Anti Scratch HD Clear Toyota Tacoma 2022 2023 Screen Protector LCD Screen Protective Film for 2023 Toyota Tacoma SR5/TRD Sport/TRD Off-Road/Limited/TRD Pro (8In with 8 buttons),Cell Phones & Accessories,Amazon Reviews 2023,https://m.media-amazon.com/images/I/5174GuaTIrL._AC_.jpg,4.0,148
B0BDQMXQFY,YELANGU 摄像头,电子数码,YELANGU,547,459,电子数码|电子产品|摄像头,"Gimbal Tripod Head for Camera,YELANGU Professional Heavy Metal 360 Panoramic Shooting Gimbal stabilizer for DSLR Camera with 1/4"" 3/8"" Quick Release Plate and Bubble Level, Up to 33lbs/15kg",Camera & Photo,Amazon Reviews 2023,https://m.media-amazon.com/images/I/31+wsUBTuwL._AC_.jpg,4.2,45
B00KO8RLZ0,SameDayFlash U 盘,电子数码,SameDayFlash,684,127,电子数码|电子产品|电脑配件|存储,20 4GB Flash Drive - Bulk Pack - USB 2.0 Swivel Design in BLACK,Computers,Amazon Reviews 2023,https://m.media-amazon.com/images/I/516lx5iwo5L._AC_.jpg,5.0,3
B0BVLBJNF3,KEANBOLL 电子数码商品,电子数码,KEANBOLL,65,755,电子数码|电子产品|电脑配件,"Blue Aesthetic Stickers,150pcs, Funny Cute Stickers for Teens, Girls, Adults Stickers Suitable for Water Bottles, Laptop, Phone, Hydro Flask Vinyl Waterproof Aesthetic Sticker Pack",Computers,Amazon Reviews 2023,https://m.media-amazon.com/images/I/61o3EKM8atL._AC_.jpg,4.5,364
B01B7ZNKZ8,EKYLIN 摄像头,电子数码,EKYLIN,151,710,电子数码|电子产品|摄像头,E-Kylin Car Auto Waterproof License Plate Mount Rear View Backup Camera Wide Angle with IR LED Night Vision Look Up and Down Adjustable,Car Electronics,Amazon Reviews 2023,https://m.media-amazon.com/images/I/31+XVGBh9qL._AC_.jpg,3.5,8
B00P1Q17ZU,SAMSUNG 电子数码商品,电子数码,SAMSUNG,230,889,电子数码|电子产品,Samsung HL-S6186W TV Assembly Cage with Projector bulb,Tools & Home Improvement,Amazon Reviews 2023,https://m.media-amazon.com/images/I/51WOUlwuI0L._AC_.jpg,3.7,15
B016XL20UM,icolor 保护壳,电子数码,icolor,78,917,电子数码|电子产品|电脑配件|保护壳,ICOLOR Lovely Kitty 9.7 10 Inch Laptop Carrying Bag Neoprene eBook Bag Travel Briefcase Portable Notebook Tablet Sleeve Case with Handle Fits 10 Inch Dell Google Acer HP Lenovo Asus (IHB10-18),Computers,Amazon Reviews 2023,https://m.media-amazon.com/images/I/41yZ09L5fyS._AC_.jpg,4.7,322
B07LBPWW3D,Suplik 屏幕保护膜,电子数码,Suplik,115,578,电子数码|电子产品|电脑配件|保护壳|保护膜,"SUPLIK Kids Case for iPad 5th/6th Generation (9.7-inch, 2017/2018), iPad Air 2 Case with Screen Protector, iPad Pro 9.7 Durable Shockproof Protective Cover with Handle Stand for Kids, Black",Computers,Amazon Reviews 2023,https://m.media-amazon.com/images/I/51+59i44HWL._AC_.jpg,4.6,12854
B004NXQNU6,Intel 电子数码商品,电子数码,Intel,1070,122,电子数码|电子产品|电脑配件,"Intel Xeon Processor W3690 (12M Cache, 3.46 GHz, 6.40 GT/s Intel QPI)",All Electronics,Amazon Reviews 2023,https://m.media-amazon.com/images/I/41dKDKJPjZL._AC_.jpg,5.0,5
B09YLH6RVV,Lonlonty 电子数码商品,电子数码,Lonlonty,382,311,电子数码|电子产品,"Lonlonty M12 8 Pin Male & Female Socket Panel Aviation Wire Connector,12mm Industrial Circular Connector, Outdoor Waterproof IP67,4 Sets",All Electronics,Amazon Reviews 2023,https://m.media-amazon.com/images/I/51ytfDkhhOL._AC_.jpg,4.3,21
B07CRQDTKM,ProCase 保护壳,电子数码,ProCase,187,400,电子数码|电子产品|电脑配件|保护壳,"ProCase 14-15.6 Inch Laptop Bag Messenger Shoulder Bag Briefcase Sleeve Case for MacBook Pro 16"" / Surface Book 3 15"", 14 15 15.6 Inch Laptop Ultrabook Notebook MacBook Chromebook Computer –Grey",Computers,Amazon Reviews 2023,https://m.media-amazon.com/images/I/510HCN8zHbL._AC_.jpg,4.6,1015
B07GTX1VM7,Walway 摄像头,电子数码,Walway,50,859,电子数码|电子产品|摄像头,"Walway Universal Mini Tripod Stand Mount with Holder Clip Adapter for Gopro, Smartphones, Compact Cameras DSLRs",Camera & Photo,Amazon Reviews 2023,https://m.media-amazon.com/images/I/31wjUtOWLQL._AC_.jpg,2.9,14
B01CTOZYBE,RivenAn 摄像头,电子数码,RivenAn,58,356,电子数码|电子产品|摄像头,RivenAn Camera Clamp Tripod Bike Bicycle Motorcycle Handlebar Handle Bar Camera Mount + Tripod Adapter for Digital Cameras Gopro Hero 4 3+ 3 2 1,Camera & Photo,Amazon Reviews 2023,https://m.media-amazon.com/images/I/410gGluRlsL._AC_.jpg,3.6,20
B0BP7FT28L,AZMKIMI 电子数码商品,电子数码,AZMKIMI,86,406,电子数码|电子产品,Replacement Remote for Toshiba and Insignia Fire TV Edition (No Voice Search),All Electronics,Amazon Reviews 2023,https://m.media-amazon.com/images/I/31YjwCXakYL._AC_.jpg,3.9,174
B0BZY82YDR,CableCreation 数据线,电子数码,CableCreation,72,416,电子数码|电子产品|数据线,"CableCreation 4K HDMI Cable 3ft Down Angle 90 Degree Right Angle, Support 4K@60Hz Ultra HD 3D Video, Male to Male Black HDMI Cable for TV, PC, Gaming and More",All Electronics,Amazon Reviews 2023,https://m.media-amazon.com/images/I/31Y7rYRfxaL.jpg,4.5,196
B07WVHLQTK,GMYLE 保护壳,电子数码,GMYLE,72,303,电子数码|电子产品|保护壳,"GMYLE AirPod Case Accessories Set, Protective Silicone Cover Skin with Keychain, Magnetic Strap Kit for Airpods Wireless Charging Bluetooth Earbuds Case, Compatible with Apple AirPods 1 & 2, Black",All Electronics,Amazon Reviews 2023,https://m.media-amazon.com/images/I/411HOqQ2rBL._AC_.jpg,4.2,560
B0BL2GDGHK,CUIHJ 电子数码商品,电子数码,CUIHJ,65,418,电子数码|电子产品|电脑配件,Beauty and The Beast Stickers 61PCS Vinyl Waterproof Stickers for Laptop Bumper Skateboard Water Bottles Computer Phone Cartoon Anime Stickers for Kids Teens Adult,Amazon Home,Amazon Reviews 2023,https://m.media-amazon.com/images/I/61sGY6mM0nL._AC_.jpg,3.6,27
B000G14VL2,Promise Technology 电子数码商品,电子数码,Promise Technology,288,375,电子数码|电子产品|电脑配件,Promise Technology SATA300 TX4302 2PORT Esata Ext & Int,All Electronics,Amazon Reviews 2023,https://m.media-amazon.com/images/I/31hkdY+xpYL._AC_.jpg,3.9,5
B0949F55S3,Moydolo 保护壳,电子数码,Moydolo,72,91,电子数码|电子产品|保护壳,"Compatible with Penguin AirPods Case Pro, Kids Teens Girls Boys Women Protective Silicone Skin for Penguin AirPod Case, Funny Kawaii Fashion Cartoon 3D Cute Cover for AirPods Pro Penguin（Penguin）",Cell Phones & Accessories,Amazon Reviews 2023,https://m.media-amazon.com/images/I/31EZiDMLLeS._AC_.jpg,4.4,259
B0B852M28H,DETUOSI 保护壳,电子数码,DETUOSI,144,674,电子数码|电子产品|电脑配件|保护壳,"DETUOSI Universal 10.1 inch Tablet Case, 10 inch Tablet Cover, Travel Portable Protective Folio Leather Stand Shell Case【with 4 Fixed Rings】for All Kinds of 9.6-10.5 inch Android/iOS/Windows Tablet #3",Computers,Amazon Reviews 2023,https://m.media-amazon.com/images/I/614QcF2IdFS._AC_.jpg,4.5,2771
B000I7VWKC,Dayton Audio 电子数码商品,电子数码,Dayton Audio,540,873,电子数码|电子产品,"Dayton Audio SAT-BK 3-3/4"" 2-Way Satellite Speaker Pair Black",Home Audio & Theater,Amazon Reviews 2023,https://m.media-amazon.com/images/I/51WhJwEpLhL._AC_.jpg,4.6,89
B07VP4PJ16,Lenovo 电子数码商品,电子数码,Lenovo,8892,349,电子数码,"Lenovo Legion Y540 15.6"" FHD Gaming Laptop Computer, 9th Gen Intel Hexa-Core i7-9750H Up to 4.5GHz, 16GB DDR4 RAM, 1TB HDD + 512GB PCIE SSD, GeForce GTX 1650 4GB, 802.11ac WiFi, Windows 10 Home",Computers,Amazon Reviews 2023,https://m.media-amazon.com/images/I/51skE6plVqL._AC_.jpg,4.1,58
B0B3SMDK54,VIVO 电子数码商品,电子数码,VIVO,108,934,电子数码|电子产品,"VIVO Spare RF Remote for Compatible Electric Motorized TV Mounts, 2 Memory Settings, Radio Frequency, Wide Operating Range, Batteries Not Included, Black, PT-RT-70",All Electronics,Amazon Reviews 2023,https://m.media-amazon.com/images/I/31u9kkyCCNL._AC_.jpg,4.2,13
B071VQ9Y8W,Vintage Electronics 电子数码商品,电子数码,Vintage Electronics,128,426,电子数码,Turntable Belt for Dual 522 Turntable,Home Audio & Theater,Amazon Reviews 2023,https://m.media-amazon.com/images/I/31WXiClheyL._AC_.jpg,5.0,3
B00XISYQ06,Garmin 电子数码商品,电子数码,Garmin,108,203,电子数码|电子产品,Garmin NMEA 2000 Terminator (Male),Cell Phones & Accessories,Amazon Reviews 2023,https://m.media-amazon.com/images/I/31GHi5s5pdL._AC_.jpg,4.6,54
B098NX26X2,VIIVY VIYIV 保护壳,电子数码,VIIVY VIYIV,94,644,电子数码|电子产品|保护壳,"VIIVY VIYIV Metal Case Compatible with Apple AirTag for Women Girls, Hollow-Out Protective Cover Keychain Holder for Air Tag Finder - Black",Cell Phones & Accessories,Amazon Reviews 2023,https://m.media-amazon.com/images/I/51z+yCfTKMS._AC_.jpg,4.4,174
B078YMYB9P,RICHEN 保护壳,电子数码,RICHEN,165,592,电子数码|电子产品|电脑配件|保护壳,"RICHEN 11 11.6 12 12.5 13 inches Case Laptop/Chromebook/Ultrabook/MacBook pro air Notebook PC Messenger Bag Tablet Travel Case Neoprene Handle Sleeve with Shoulder (11-13.3 inch, Butterflies)",Computers,Amazon Reviews 2023,https://m.media-amazon.com/images/I/51U-pjnzvAL._AC_.jpg,4.7,7306
B07RWDZ3HG,SilverStone Technology 电子数码商品,电子数码,SilverStone Technology,47,638,电子数码|电子产品|电脑配件,"SilverStone Technology SST-FF121 120mm Ultra Fine Fan Filter with Magnet Cooling,black",All Electronics,Amazon Reviews 2023,https://m.media-amazon.com/images/I/61tNUJeo83L._AC_.jpg,4.5,5340
B078GTQQF9,Asng 保护壳,电子数码,Asng,86,604,电子数码|电子产品|电脑配件|保护壳,"Asng Samsung Galaxy Tab A 9.7 Folio Case - Slim Fit Premium Vegan Leather Cover for Samsung Tab A 9.7-Inch Tablet SM-T550, SM-P550 (with Auto Sleep/Wake Feature) (Black)",Computers,Amazon Reviews 2023,https://m.media-amazon.com/images/I/419ZlSkQAeL._AC_.jpg,4.3,981
B0BPDXN8MK,Generic 保护套,电子数码,Generic,158,117,电子数码|电子产品|电脑配件,"Bootable USB Stick for macOS X Catalina 10.15 - Full OS Install, Reinstall, Recovery and Upgrade",Computers,Amazon Reviews 2023,https://m.media-amazon.com/images/I/31gCmZUrwkL._AC_.jpg,5.0,1
B09SJ9192T,SAMSUNG 电子数码商品,电子数码,SAMSUNG,1138,303,电子数码|电子产品|电脑配件,"SAMSUNG 23.5” CF396 Curved Computer Monitor, AMD FreeSync for Advanced Gaming, 4ms Response Time, Wide Viewing Angle, Ultra Slim Design, LC24F396FHNXZA, Black",Computers,Amazon Reviews 2023,https://m.media-amazon.com/images/I/41dYF-lTQ0L._AC_.jpg,4.7,24081
B09S9WMFQJ,DTTO 保护壳,电子数码,DTTO,151,407,电子数码|电子产品|电脑配件|保护壳,"DTTO for iPad Air 5th/4th Generation 10.9 inch Case 2022/2020, Premium Leather Business Folio Stand Cover with Pencil Holder, Also fit iPad Pro 11 inch 2021/2020/2018(1st/2nd/3rd Gen), Black",Computers,Amazon Reviews 2023,https://m.media-amazon.com/images/I/41HhQOUeuKL._AC_.jpg,4.7,225
B00YW49ZJC,Seismic Audio 电子数码商品,电子数码,Seismic Audio,173,859,电子数码|电子产品,"Seismic Audio SA-DR2-8 Ohm JBL Compatible Replacement Diaphragm - 2412H, 2412H-1, JRX, 100, 112, 115, Eon",Musical Instruments,Amazon Reviews 2023,https://m.media-amazon.com/images/I/51Y6wNhvdmL._AC_.jpg,4.5,50
B092891PY2,Baosha 电子数码商品,电子数码,Baosha,288,853,电子数码|电子产品|电脑配件,Leather 15.6 inch Laptop Backpack Hiking Camping Backpack Satchel Bookbag Travel Business Backpack CN-01 (Brown),电子数码,Amazon Reviews 2023,https://m.media-amazon.com/images/I/41Olub3EswS._AC_.jpg,4.5,127
B081Q75F4H,Rinbers 电子数码商品,电子数码,Rinbers,475,925,电子数码|电子产品|电脑配件,"Rinbers B116XAK01.1 01.2 11.6"" HD 1366x768 LCD Display Touch Screen Panel with 40 Pin Connector for HP Chromebook 11 11A G6 EE G8 EE Touch 11 G7 EE 11MK G9 EE Touch L92828-001",Computers,Amazon Reviews 2023,https://m.media-amazon.com/images/I/41Uc0wtojIL._AC_.jpg,3.1,8
B013DUOJV4,yueton 保护壳,电子数码,yueton,59,182,电子数码|电子产品|保护壳,yueton Pack of 10 Wire Lead Battery Storage Box Case Holder for 18650 Button Top Single Battery,Tools & Home Improvement,Amazon Reviews 2023,https://m.media-amazon.com/images/I/51jqGdiFECL._AC_.jpg,4.2,325
B0952X8NBY,Desview 电子数码商品,电子数码,Desview,936,545,电子数码|电子产品,"Teleprompter,Desview T3S Promoting for Device up to 11” with liftable Shooting Platform 70/30 Beam Splitter Glass Use via Remote or Desview APP iPad iPhone, Desview-T3s-Teleprompter-Smartphone-DSLR",Camera & Photo,Amazon Reviews 2023,https://m.media-amazon.com/images/I/41Wboy+kFEL._AC_.jpg,4.0,210
B076QF5SQ4,NOWA 电子数码商品,电子数码,NOWA,857,229,电子数码|电子产品,"NOWA Shaper Hybrid Smart Watch Waterproof Stainless Steel Sapphire Glass Activity Fitness Tracker (Steps, Distance, Calories, Sleep Quality) and Smartphone Notifications, Black",Cell Phones & Accessories,Amazon Reviews 2023,https://m.media-amazon.com/images/I/41vpaFBKNTL._AC_.jpg,2.6,4
B0C48TKVX7,ACAGET 耳机,电子数码,ACAGET,108,670,电子数码|电子产品|耳机,ACAGET USB Type C Headphones for Samsung Galaxy S23 S22 Ultra S21 Plus S20 FE A53 Setero Android Earphones Headset with Microphone Wired USB C Earbuds for iPad Pro Air Pixel 7 6 Oneplus 11 10T 9 Black,All Electronics,Amazon Reviews 2023,https://m.media-amazon.com/images/I/416Y+lpErHL._AC_.jpg,4.0,20
B06XSVW6GN,mCover 保护壳,电子数码,mCover,115,758,电子数码|电子产品|电脑配件|保护壳|键盘,"mCover Orange Hard Shell Case with Free Keyboard Cover for 15-inch A1286 Aluminum Unibody MacBook Pro (15.4"" Regular Display, Black Keys)",Computers,Amazon Reviews 2023,https://m.media-amazon.com/images/I/419Ja86IXkL._AC_.jpg,4.5,1983
B08R5VXZBB,Adorox 键盘,电子数码,Adorox,151,177,电子数码|电子产品|电脑配件|键盘,Adorox 12mm Thickness Heavy Duty 17'' Monitor Stand Riser Computer Stand PC Desk Stand for Keyboard Storage & Multi-Media Laptop Printer TV Screen,Office Products,Amazon Reviews 2023,https://m.media-amazon.com/images/I/31FNTzODZCL._AC_.jpg,4.7,714
B07K89WHJH,Google 电子数码商品,电子数码,Google,5393,387,电子数码|电子产品|电脑配件,"Google Pixel Slate 12.3-Inch 2 in 1 Tablet Intel Core i5, 8GB RAM, 128GB, Aspect Ratio 3:2",Computers,Amazon Reviews 2023,https://m.media-amazon.com/images/I/41pYYczOOmL._AC_.jpg,4.2,396
B0B799QJWS,HOSAFE.COM 摄像头,电子数码,HOSAFE.COM,504,185,电子数码|电子产品|摄像头,"HOSAFE.COM Solar Security Camera Wireless Outdoor, Pan Tilt WiFi Battery Powered Cameras for Home Security, 2K Color Night Vision, 2 Way Talk, PIR Human Motion Detection & Phone Alerts",Camera & Photo,Amazon Reviews 2023,https://m.media-amazon.com/images/I/41X7zhOuMfL._AC_.jpg,4.7,30
B01LE969NC,GearIT 数据线,电子数码,GearIT,792,145,电子数码|电子产品|电脑配件|数据线,"GearIT 100-Pack, Cat5e Ethernet Patch Cable 1 Foot - Snagless RJ45 Computer LAN Network Cord, Blue",Computers,Amazon Reviews 2023,https://m.media-amazon.com/images/I/61yTHPTXj6L._AC_.jpg,4.4,30
B0BGGCQ7QC,TEAMGROUP 摄像头,电子数码,TEAMGROUP,205,778,电子数码|电子产品|电脑配件|任天堂|摄像头,"TEAMGROUP GO Card 256GB x 2 PACK Micro SDXC UHS-I U3 V30 4K for GoPro & Drone & Action Cameras High Speed Flash Memory Card with Adapter for Outdoor Sports, 4K Shooting, Nintendo-Switch TGUSDX256GU364",Computers,Amazon Reviews 2023,https://m.media-amazon.com/images/I/51QmCdCIapL._AC_.jpg,4.6,1691
B00NAAW3SE,Berchirly 电子数码商品,电子数码,Berchirly,351,668,电子数码|电子产品|电脑配件,"Berchirly Vintage Military Men Canvas Messenger Bag For 13.3-17"" Laptop",AMAZON FASHION,Amazon Reviews 2023,https://m.media-amazon.com/images/I/41zrJDGi18L._AC_.jpg,4.5,2024
B0187IKBTQ,Kingston Technology 电子数码商品,电子数码,Kingston Technology,311,284,电子数码|电子产品|电脑配件,"Kingston Technology 8GB DDR4 2133MHz DIMM Memory for Select Lenovo, Acer, Dell, & HP Desktops (KCP421ND8/8)",Computers,Amazon Reviews 2023,https://m.media-amazon.com/images/I/41J7LdFyGeL._AC_.jpg,4.6,6
B07VJLHW8V,THE CIMPLE CO 数据线,电子数码,THE CIMPLE CO,71,305,电子数码|电子产品|数据线,THE CIMPLE CO Coaxial Cable Push on Connectors - 10 Pack - for Tight Corners and Hard to Reach Areas - F Type Adapter for Coax Cable and Wall Plates,All Electronics,Amazon Reviews 2023,https://m.media-amazon.com/images/I/31FfcjdJJWL.jpg,4.5,223
B075TC8RCY,Accessory USA 电子数码商品,电子数码,Accessory USA,172,725,电子数码|电子产品,Accessory USA AC DC Adapter for LG Electronics ND8630 AirPlay Dock Speaker Power Supply Cord,All Electronics,Amazon Reviews 2023,https://m.media-amazon.com/images/I/51zhyMpH4KL._AC_.jpg,5.0,2
B001JI2GAE,HQRP 充电器,电子数码,HQRP,64,74,电子数码|电子产品|充电器|摄像头,"HQRP Replacement AC Adapter/Charger Compatible with Sony Mavica MVC-FD85, MVC-FD87, MVC-FD90, MVC-FD95, MVC-FD97 Digital Camera with USA Cord & Euro Plug Adapter",Camera & Photo,Amazon Reviews 2023,https://m.media-amazon.com/images/I/41PuTxHte0L._AC_.jpg,4.6,6
B08CZHRS6L,Vention 数据线,电子数码,Vention,65,476,电子数码|电子产品|数据线,VENTION Type-C to Dual RCA Audio Cable Male to Male Gold- Plated Aux Auxiliary Stereo Y Splitter Adapter Cord for USB C Devices Le TV MacBook Connect Speaker Amplifier (0.5m/1.6ft),Industrial & Scientific,Amazon Reviews 2023,https://m.media-amazon.com/images/I/51pd2m-QapL._AC_.jpg,4.3,768
B081JM7D75,Gylint 保护壳,电子数码,Gylint,108,895,电子数码|电子产品|保护壳,"Gylint Kobo Libra H2O Origami Case, The Thinnest and Lightest Leather Smart Cover Case for New Kobo Libra H2O 2019 Release with Auto Wake Sleep Feature Tower",Cell Phones & Accessories,Amazon Reviews 2023,https://m.media-amazon.com/images/I/51RUf2j4luL._AC_.jpg,4.5,50
B00CXOMGGW,MSI 电子数码商品,电子数码,MSI,1432,961,电子数码|电子产品|电脑配件,"MSI ATX DDR3 2600 LGA 1150 Motherboard, Z87-G43",Computers,Amazon Reviews 2023,https://m.media-amazon.com/images/I/51gqL655oTL._AC_.jpg,4.2,101
B09V8DW4FF,Sanus 电子数码商品,电子数码,Sanus,324,611,电子数码|电子产品,Sanus Universal Soundbar TV Mount Kit for Mounting Soundbars Under TV - Fits Most Sound Bars Up to 15 Lbs - Easy Install & Full Motion Capability - SOA-SBM2,Cell Phones & Accessories,Amazon Reviews 2023,https://m.media-amazon.com/images/I/21s3DYRbjXL._AC_.jpg,4.3,55
B07P1CWKP9,Garmin 电子数码商品,电子数码,Garmin,1440,767,电子数码|电子产品|存储,"Garmin DriveSmart 55 W/Traffic 5.5"" Display GPS Navigator + Friction Dash Mount",GPS & Navigation,Amazon Reviews 2023,https://m.media-amazon.com/images/I/51FjNUELAVL._AC_.jpg,2.8,4
B09X1NC7P1,AkoaDa 数据线,电子数码,AkoaDa,137,469,电子数码|电子产品|电脑配件|数据线,"AkoaDa USB C To Lightning Cable 10ft (3 Pack),[Apple MFi Certified] Nylon Braided Type C iPhone Fast Charging Cable For iPhone 12/12 Pro/11 Pro Max/X/XS/XR,iPad And More,Supports Power Delivery (Grey)",Cell Phones & Accessories,Amazon Reviews 2023,https://m.media-amazon.com/images/I/51kkYevKMSL.jpg,4.0,8
B09XMDJKR6,Rurararu 充电器,电子数码,Rurararu,114,579,电子数码|电子产品|充电器|数据线|摄像头,"Dash Cam Mini USB Hardwire Kit Dash Camera Hard Wire Kit 12V-24V to 5V Charger Cable Power Cord Power Supply Compatible with Rexing V1-4K, V1P, V3, V2 Pro, V5, S1 Series, V1P Pro Series, Max Series",Cell Phones & Accessories,Amazon Reviews 2023,https://m.media-amazon.com/images/I/41ZR7C3FuJL._AC_.jpg,3.0,5
B0BZCGF172,SOLOMARK 电子数码商品,电子数码,SOLOMARK,288,763,电子数码|电子产品,Solomark 2 Inch UHC Light Pollution Reduction Filter for Telescope,Camera & Photo,Amazon Reviews 2023,https://m.media-amazon.com/images/I/41Ygesi-edL._AC_.jpg,4.1,47
B01E7IQ6V2,Pro-Ject 数据线,电子数码,Pro-Ject,1217,213,电子数码|电子产品|数据线,Pro-Ject: Connect It Tonearm Cable - 5 Pin DIN To RCA (CC 5P) - 1.23m,Home Audio & Theater,Amazon Reviews 2023,https://m.media-amazon.com/images/I/41Qxlbrx-CL._AC_.jpg,4.5,5
B072JNFG8P,GT Graphics 电子数码商品,电子数码,GT Graphics,58,526,电子数码|电子产品|电脑配件,GT Graphics Poppies Watercolor - Vinyl Sticker Waterproof Decal,Sports & Outdoors,Amazon Reviews 2023,https://m.media-amazon.com/images/I/51LUl001UYL._AC_.jpg,4.4,25
B003M5Z90Q,PWR+ 充电器,电子数码,PWR+,169,390,电子数码|电子产品|电脑配件|充电器,65W 45W UL Listed Charger for Dell-Inspiron 15-3000 15-5000 15-7000 11-3000 13-5000 13-7000 17-5000 XPS 13 Series 5559 5558 5755 5758 Extra Long AC Adapter Laptop Power Supply Cord,Computers,Amazon Reviews 2023,https://m.media-amazon.com/images/I/41IT9kj9iPL._AC_.jpg,4.1,894
B088FSDX6B,imComor 保护套,电子数码,imComor,55,698,电子数码|电子产品|电脑配件|保护膜|键盘,"Dell Latitude Silicone Keyboard Cover for Dell Latitude E7450 E7470 E5470 E7480 5480 5490 5491 7490, Dell 3340 E3340 Laptop Keyboard Protective Skin Keyboard Protector, Gradual Blue (with Pointing)",Computers,Amazon Reviews 2023,https://m.media-amazon.com/images/I/51d+leo8oDL._AC_.jpg,4.1,504
B09SJ465G2,MYGOFLIGHT 保护壳,电子数码,MYGOFLIGHT,929,707,电子数码|电子产品|保护壳,"MYGOFLIGHT iPad Pro 11” (Gen 1, 2, 3) Air 10.9"" (Gen 4, 5) Polycarbonate Pilot Kneeboard and Mountable Everyday Case – Compatible with MGF Yoke and Suction Cup Sport Mounts and Sport Adapters",Cell Phones & Accessories,Amazon Reviews 2023,https://m.media-amazon.com/images/I/41eXRpM1X8L._AC_.jpg,3.3,20
B01LR1ZVNG,BRIDGECOM SYSTEMS 电子数码商品,电子数码,BRIDGECOM SYSTEMS,216,286,电子数码|电子产品,"BridgeCom BCS-200 Shoulder Speaker Mic K-1 Plug IP-54 Rated for DMR and Analog AnyTone, Kenwood, Woxun Amateur Ham Business Portable Two Way Radio",All Electronics,Amazon Reviews 2023,https://m.media-amazon.com/images/I/413sKIyF2wL._AC_.jpg,4.5,59
B08H7DB3CD,DIVEROID 保护壳,电子数码,DIVEROID,3082,528,电子数码|电子产品|保护壳|摄像头,"DIVEROID Waterproof Phone Case – Easy to Use Underwater Camera, Diving Computer, All-in-One Diving Gear, Universal Size",电子数码,Amazon Reviews 2023,https://m.media-amazon.com/images/I/31HT34MdPRL._AC_.jpg,3.9,35
B09L7Z7NLT,TaiZiChangQin 耳机,电子数码,TaiZiChangQin,76,683,电子数码|电子产品,TaiZiChangQin WH-CH510 Ear Pads Ear Cushions Earpads Replacement Compatible with Sony WH-CH500 WH-CH510 WHCH510 Wireless Headphone Protein Leather Black,All Electronics,Amazon Reviews 2023,https://m.media-amazon.com/images/I/41jhw12viXS._AC_.jpg,2.9,25
B00ZGT5GRW,RiteAV 电子数码商品,电子数码,RiteAV,137,997,电子数码|电子产品,RiteAV RCA White (Black) Wall Plate 1 Gang Decorative Black,All Electronics,Amazon Reviews 2023,https://m.media-amazon.com/images/I/318aLjkoa1L._AC_.jpg,2.3,2
B0BKSML7WW,ASIILOVI 耳机,电子数码,ASIILOVI,158,671,电子数码|电子产品,"ASIILOVI Headband Headphones Sleep Headphones, Bluetooth Headband with One Key Operation HD Speakers and Mic Perfect for Sleep Jogging Yoga Calling Daily Wear, Gift Ideas-Unisex",All Beauty,Amazon Reviews 2023,https://m.media-amazon.com/images/I/513LyoSxCaL.jpg,3.8,28
B08HQCLFTX,De-Walt Original 充电器,电子数码,De-Walt Original,162,984,电子数码|充电器,"Dewalt Max Li-ion Battery Charger, Tool Battery Chargers (DCB112 12V - 20V Volt Battery Charger)",All Electronics,Amazon Reviews 2023,https://m.media-amazon.com/images/I/41w5NN++GmS._AC_.jpg,4.7,219
B00H4J5B9U,Plugable 数据线,电子数码,Plugable,216,0,电子数码|电子产品|电脑配件|数据线|存储,"Plugable HDMI to VGA Adapter, Driverless 6 Foot (1.8 Meter) Converter Cable Supporting Up to 1920 x 1080 (60Hz)",All Electronics,Amazon Reviews 2023,https://m.media-amazon.com/images/I/31V2gPbTRML._AC_.jpg,4.3,572
B00OT7HSBO,EBL 充电器,电子数码,EBL,216,592,电子数码|电子产品|充电器,EBL 12 Bay LCD Universal Battery Charger for Rechargeable AA AAA 9V NIMH NICD Batteries,Industrial & Scientific,Amazon Reviews 2023,https://m.media-amazon.com/images/I/41o1mbJuTTL.jpg,4.5,2927
B0BKFX6FWW,mafiti 键盘,电子数码,mafiti,144,175,电子数码|电子产品|电脑配件|键盘|鼠标,"mafiti RK101 Computer Keyboard Mouse Combo Wired, RGB Backlit USB Keyboard for PC Mac Laptop Desktop, Gaming Office",Computers,Amazon Reviews 2023,https://m.media-amazon.com/images/I/410AaJun3vL._AC_.jpg,4.3,6534
B07GGS5B45,Vangoddy 电子数码商品,电子数码,Vangoddy,144,186,电子数码|电子产品|电脑配件,"for Microsoft Surface Laptop Go 2, Laptop Go, Laptop 2 3 4, Laptop Studio, Pro 6, Pro 7, Pro 8, Pro X, Pro 7 Plus 13.3 Inch Laptop Sleeve",Computers,Amazon Reviews 2023,https://m.media-amazon.com/images/I/31fFfaff7sL._AC_.jpg,4.4,5
B09TSWFJ8N,Elecan 数据线,电子数码,Elecan,101,473,电子数码|电子产品|电脑配件|数据线,"Elecan Mini DisplayPort to HDMI Adapter Cable 3 Pack, 4K@30Hz 2K@60Hz 1080P Gold-Plated Mini DP PC to HDMI Monitor Converter(Uni-Directional & Male to Female),Compatible for HP NVIDIA & More",All Electronics,Amazon Reviews 2023,https://m.media-amazon.com/images/I/41b7H5Gk8FL._AC_.jpg,4.0,49
B0174X43LM,Acer 电子数码商品,电子数码,Acer,2578,603,电子数码|电子产品|电脑配件,"Acer Chromebook C738T NX.G55AA.005;C738T-C44Z 11.6"" Laptop",Computers,Amazon Reviews 2023,https://m.media-amazon.com/images/I/41mqkyEuRaL._AC_.jpg,3.7,30
B0B1M29CMT,Witzon 电子数码商品,电子数码,Witzon,86,456,电子数码|电子产品,"4 Pack Witzon Bands Compatible with Fitbit Versa 2/Lite/SE, Slim Thin Silicone Bands for Verson 2 Women Men, Sport Replacement Wristband Strap for Fitbit Smart Watch(Large, Lilac/White/Pink Sand/Gray)",Cell Phones & Accessories,Amazon Reviews 2023,https://m.media-amazon.com/images/I/414ogqbl4zL._AC_.jpg,4.6,289
B018UCFIT2,Trlyc 电子数码商品,电子数码,Trlyc,165,888,电子数码|电子产品,"Trlyc New Year Sequin Silver Curtains, Select You Size, 5FT*8FT Sparkly Silver Sequin Fabric Photography Backdrop, Best Wedding/Home/Party Fashion Decoration",Amazon Home,Amazon Reviews 2023,https://m.media-amazon.com/images/I/51-OeK1WEJL._AC_.jpg,4.7,30
B079ZNCN64,JLab 电子数码商品,电子数码,JLab,143,652,电子数码|电子产品|存储,JLab Audio JBuds Pro Bluetooth Wireless Signature Earbuds | Titanium 10mm Drivers | 6-Hour Battery Life | Music Controls | Noise Isolation | Bluetooth 4.1 Extra Gel Tips and Cush Fins | Black/Purple,All Electronics,Amazon Reviews 2023,https://m.media-amazon.com/images/I/31BylRo+XcL._AC_.jpg,4.2,11257
B08R3B9FZ7,MONSIATUG 电子数码商品,电子数码,MONSIATUG,93,458,电子数码|电子产品,Replaced Remote Control for Onkyo TX-SR313 TX-SR577 TX-NR515 TX-NR616 HT-R391 HT-RC330 RC-837M RC-840M AV Receiver,All Electronics,Amazon Reviews 2023,https://m.media-amazon.com/images/I/31MSyP8icfL._AC_.jpg,4.0,21
B00B46AEE6,NETGEAR 电子数码商品,电子数码,NETGEAR,2880,887,电子数码|电子产品|电脑配件,NETGEAR XS708E-100NES - Discontinued by Manufacturer,Computers,Amazon Reviews 2023,https://m.media-amazon.com/images/I/310IVsBLeDL._AC_.jpg,3.4,21
B09432ZFQ6,Acer 电子数码商品,电子数码,Acer,3888,57,电子数码|电子产品|电脑配件,"Acer Aspire 3 Laptop, 17.3'' HD+ 1600 x 900, 3.60GHz Intel Core i5-1035G, 20GB DDR4 RAM, 128GB SSD + 1TB HDD, DVD-Writer, Windows 10, A317-52",Computers,Amazon Reviews 2023,https://m.media-amazon.com/images/I/41-Dz1OBLfS._AC_.jpg,4.1,26
B09Y22H121,CLOUDSFOTO 摄像头,电子数码,CLOUDSFOTO,130,581,电子数码|电子产品|摄像头,"CLOUDSFOTO Camera Desk Mount Table Stand, Adjustable Light Stand with 360° Ball Head and Phone Grip, Tabletop C Clamp Mount Stand for DSLR Camera/Ring Light/Webcam",Camera & Photo,Amazon Reviews 2023,https://m.media-amazon.com/images/I/310uW397AXL._AC_.jpg,4.4,42
B00I4VL056,HQRP 数据线,电子数码,HQRP,36,412,电子数码|电子产品|数据线,HQRP DC Female to 8 Male Power Splitter Cable Compatible with Q-See Security System Model: QC814-4H3 / QT534-4E4 / QC804-4C9-1 / QT5440-4C2-5 / QT5440-4E2-5,Camera & Photo,Amazon Reviews 2023,https://m.media-amazon.com/images/I/41JdhqUdccL._AC_.jpg,5.0,1
B01K3KUX5S,Quick Reference Media (Author) 电子数码商品,电子数码,Quick Reference Media (Author),136,655,电子数码|电子产品,Garmin GTN 750/650 - Qref Quick Reference Checklist Card,Books,Amazon Reviews 2023,"https://m.media-amazon.com/images/I/51utc1I5P2L._SY498_BO1,204,203,200_.jpg",3.1,4
B0036FOREG,INSIGNIA 电子数码商品,电子数码,INSIGNIA,2002,132,电子数码|电子产品,"Insignia - 32"" Class (31-1/2"" Diag.) - LED - 720p - 60Hz - HDTV",All Electronics,Amazon Reviews 2023,https://m.media-amazon.com/images/I/41MSF3xTy3L._AC_.jpg,3.3,33
B00Z9TLVK0,2K PlayStation 游戏,游戏,2K,418,137,游戏|PlayStation,NBA 2K17 - Early Tip Off Edition - PlayStation 4,Video Games,Amazon Reviews 2023,https://m.media-amazon.com/images/I/51wlIPcf0gL.jpg,4.3,223
B07SZJZV88,Amazon Renewed 任天堂游戏,游戏,Amazon Renewed,269,481,游戏|任天堂,Nintendo Selects: The Legend of Zelda Ocarina of Time 3D (Renewed),Video Games,Amazon Reviews 2023,https://m.media-amazon.com/images/I/51raO0wAe8L.jpg,4.9,22
B0001ZNU56,Majesco 游戏商品,游戏,Majesco,245,783,游戏,"Spongebob Squarepants, Vol. 1",Video Games,Amazon Reviews 2023,https://m.media-amazon.com/images/I/611XSBQ4RBL.jpg,4.4,32
B07H93H878,eXtremeRate Xbox 游戏,游戏,eXtremeRate,127,216,游戏,eXtremeRate Soft Touch Top Shell Front Housing Faceplate Replacement Parts with Side Rails Panel for Xbox One X & One S Controller (Shadow Purple),Video Games,Amazon Reviews 2023,https://m.media-amazon.com/images/I/41reviTraVL.jpg,4.5,3061
B07DL353F8,BANDAI NAMCO Entertainment PlayStation 游戏,游戏,BANDAI NAMCO Entertainment,151,130,游戏|PlayStation,Tales of Vesperia - Definitive Edition - PlayStation 4,Video Games,Amazon Reviews 2023,https://m.media-amazon.com/images/I/51vhZgBs+0L.jpg,4.8,1389
B00BJH85SW,D3 Publisher 任天堂游戏,游戏,D3 Publisher,36,501,游戏|任天堂,Turbo: Super Stunt Squad - Nintendo 3DS,Video Games,Amazon Reviews 2023,https://m.media-amazon.com/images/I/61UmkQluCpL.jpg,4.1,26
B09QXCZ6CX,Generic 屏幕保护膜,游戏,Generic,338,288,游戏|保护膜|任天堂,"Replacement Screen for Nintendo Switch Lite, LCD Screen Display Panel + Adhesive + Screen Protector Repair kit for Switch Lite.",Cell Phones & Accessories,Amazon Reviews 2023,https://m.media-amazon.com/images/I/41FZiTEQu+L._AC_.jpg,4.5,26
B0C3LTVMNZ,Anivia 耳机,游戏,Anivia,101,114,游戏|耳机,Anivia Headphones with Mirrophones Wired Headset for PC(Black),Computers,Amazon Reviews 2023,https://m.media-amazon.com/images/I/41IFNhbES1L._AC_.jpg,4.0,816
B07J1TD61J,SteelSeries 耳机,游戏,SteelSeries,1317,401,游戏|耳机,SteelSeries Arctis Pro + GameDAC Wired Gaming Headset - Certified Hi-Res Audio - Dedicated DAC and Amp - for PS5/PS4 and PC - White,Video Games,Amazon Reviews 2023,https://m.media-amazon.com/images/I/41Ui6TXWVdL.jpg,4.3,468
B001EYUX4Y,THQ 游戏商品,游戏,THQ,216,994,游戏,"Warhammer 40,000 Dawn of War Game of the Year - PC",Video Games,Amazon Reviews 2023,https://m.media-amazon.com/images/I/61TV2892Z5L.jpg,4.0,68
B001ECIV54,THQ 游戏商品,游戏,THQ,99,872,游戏,Scooby Doo Who's Watching - Sony PSP,Video Games,Amazon Reviews 2023,https://m.media-amazon.com/images/I/5185jj2TwdL.jpg,3.8,33
B00004SVXD,LJN GAMES 任天堂游戏,游戏,LJN GAMES,72,343,游戏|任天堂,Tiger Heli - Nintendo NES,Video Games,Amazon Reviews 2023,https://m.media-amazon.com/images/I/41ploQneFJL.jpg,4.1,36
B00NVH3WJU,Disney 游戏商品,游戏,Disney,28,418,游戏,Disney INFINITY: Marvel Super Heroes (2.0 Edition) Power Disc - Spider-Copter,Video Games,Amazon Reviews 2023,https://m.media-amazon.com/images/I/514dwwrwk4L.jpg,4.5,24
B0725ZD6QD,Konami Xbox 游戏,游戏,Konami,115,813,游戏,Pro Evolution Soccer 2018 - Xbox One Legendary Edition,Video Games,Amazon Reviews 2023,https://m.media-amazon.com/images/I/51GdwK82omS.jpg,3.7,12
B091TBL236,YOWU 数据线,游戏,YOWU,785,206,游戏|数据线|耳机,"YOWU RGB Cat Ear Headphone 3S Wireless Bluetooth 5.0 Foldable Gaming Headset with Built-in Mic & Customizable Lighting and Effect via APP, Type-C Charging Audio Cable, for PC Laptop Mac Smartphone",All Electronics,Amazon Reviews 2023,https://m.media-amazon.com/images/I/31Eed5toiKL._AC_.jpg,4.2,315
B08TBXXCZW,Decal Moments PlayStation 游戏,游戏,Decal Moments,112,413,游戏|PlayStation,Decal Moments PS5 Standard Disc Console Controllers Full Body Vinyl Skin Sticker Decals for Playstation 5 Console and Controllers Avengers,Video Games,Amazon Reviews 2023,https://m.media-amazon.com/images/I/51uJBaqldDL.jpg,4.2,22
B08928XH3Y,TXEsign 任天堂游戏,游戏,TXEsign,122,673,游戏|任天堂,TXEsign Wall Mount Holder for Nintendo Switch Dock Station Adhesive Small Wall Shelf Floating Wall Mount Stand for Switch Dock(Silky White & Transparent),Cell Phones & Accessories,Amazon Reviews 2023,https://m.media-amazon.com/images/I/21L9MrbCtBL._AC_.jpg,4.5,88
B004BLJPZU,THQ Nordic 游戏商品,游戏,THQ Nordic,36,663,游戏,MX vs ATV Reflex [Download],Video Games,Amazon Reviews 2023,https://m.media-amazon.com/images/I/61oQvZ9v+9L.jpg,3.7,25
B08WLJ8WF2,eXtremeRate 游戏商品,游戏,eXtremeRate,94,122,游戏,"eXtremeRate Replacement D-pad R1 L1 R2 L2 Triggers Share Options Face Buttons, Scarlet Red Full Set Buttons Compatible with ps5 Controller BDM-030 - Controller NOT Included",Computers,Amazon Reviews 2023,https://m.media-amazon.com/images/I/41W9ztPqpBL._AC_.jpg,4.5,1234
B09SRXBT8Y,Nintendo 任天堂游戏,游戏,Nintendo,294,370,游戏|任天堂,Nintendo Switch Sports (Nintendo Switch) (European Version),Video Games,Amazon Reviews 2023,https://m.media-amazon.com/images/I/41ARpQzye9L._AC_.jpg,4.7,4930
B0735JWDMF,Classic Officials 游戏商品,游戏,Classic Officials,176,310,游戏|PlayStation,PS4 ACE COMBAT 7: SKIES UNKNOWN (US) [video game],Video Games,Amazon Reviews 2023,https://m.media-amazon.com/images/I/510WZEHzcJL.jpg,4.4,961
B0185MMKYS,Zombi PlayStation 游戏,游戏,Zombi,180,968,游戏|PlayStation,Zombi PlayStation 4,Video Games,Amazon Reviews 2023,https://m.media-amazon.com/images/I/51xHxiC++lL.jpg,4.2,197
B0013953N6,DVD Gamer PlayStation 游戏,游戏,DVD Gamer,144,476,游戏|PlayStation,"Universal Remote Control For X Box 360 & PS II, Playstation 2, Systems Does not need programing.",Video Games,Amazon Reviews 2023,https://m.media-amazon.com/images/I/51KQNqFPBEL.jpg,3.6,22
B00BW800LI,Cobra Mobile 游戏商品,游戏,Cobra Mobile,14,691,游戏,Cobi Treasure Deluxe [Download],Video Games,Amazon Reviews 2023,https://m.media-amazon.com/images/I/5178q7sgXqL.jpg,2.7,6
B002197J3O,Disney Interactive Studios Xbox 游戏,游戏,Disney Interactive Studios,122,528,游戏,Sing It - Xbox 360,Video Games,Amazon Reviews 2023,https://m.media-amazon.com/images/I/51FJMPZtGFL.jpg,3.8,45
B072KHS2P7,Nyko 充电器,游戏,Nyko,58,554,游戏|充电器|任天堂,Nyko Travel Charger EX - 6ft. USB Type - C to Car Charger (12V Power Port) for Nintendo Switch - Power Delivery Compatible with New MacBook Pro,Video Games,Amazon Reviews 2023,https://m.media-amazon.com/images/I/41cviq8Yd8L.jpg,4.3,50
B0012GOECQ,ACTIVISION PlayStation 游戏,游戏,ACTIVISION,237,63,游戏|PlayStation,Tony Hawk's Project 8 - PlayStation 2,Video Games,Amazon Reviews 2023,https://m.media-amazon.com/images/I/51xo4FrQkmL.jpg,3.7,20
B07D482RJ8,SIOCEN 充电器,游戏,SIOCEN,50,847,游戏|充电器|数据线|PlayStation,"10FT Long PS4 Charger Cord for Xbox One Controller,PS4 Charging Cable,Micro USB Cable for Xbox One S/X Slim Elite Controller,Playstation 4 Games,Dualshock 4 Controller Data Sync Cord Wire",Cell Phones & Accessories,Amazon Reviews 2023,https://m.media-amazon.com/images/I/41sfAzmvuhL._AC_.jpg,4.4,400
B09XSJ282Q,Crescent Marketing and Distribution PlayStation 游戏,游戏,Crescent Marketing and Distribution,288,449,游戏|PlayStation,Crescent Marketing and Distribution Deathsmiles I&II for PlayStation 4,Video Games,Amazon Reviews 2023,https://m.media-amazon.com/images/I/51Dds73JsGL.jpg,4.7,71
B08CRMC56N,Fpxnb 保护套,游戏,Fpxnb,65,268,游戏,"Fpxnb 4 Pairs Switch Thumb Grip Set, Analog Stick Silicone Cap Joystick Covers, Cat Claw & Sakura Flower Design, Compatible with Switch Joy-Con Controllers & Lite, Pink & Blue",Video Games,Amazon Reviews 2023,https://m.media-amazon.com/images/I/41WkAeU4+yL.jpg,4.5,150
B002KAKSJQ,City Interactive 游戏商品,游戏,City Interactive,72,999,游戏,Art of Murder: Cards of Destiny - PC,Video Games,Amazon Reviews 2023,https://m.media-amazon.com/images/I/51D49JDEHzL.jpg,4.0,29
B078GW3HGR,Aksys PlayStation 游戏,游戏,Aksys,197,390,游戏|PlayStation,Tokyo Xanadu eX+ - PlayStation 4,Video Games,Amazon Reviews 2023,https://m.media-amazon.com/images/I/51hoibz1wOL.jpg,4.5,208
B01702K36Q,ScreenSeven 游戏商品,游戏,ScreenSeven,29,206,游戏,Lost in Reefs: Antarctic [Download],Video Games,Amazon Reviews 2023,https://m.media-amazon.com/images/I/61dxjehobNL.jpg,3.0,7
B00R6HCZ0I,Ubisoft Xbox 游戏,游戏,Ubisoft,108,738,游戏,Valiant Hearts - Xbox One Digital Code,Video Games,Amazon Reviews 2023,https://m.media-amazon.com/images/I/51R47PvbKbL.jpg,3.9,12
B00H5NRSAK,Assecure 游戏商品,游戏,Assecure,94,562,游戏,Assecure camouflage camo protect & grip pack soft silicone skin grip prot.,Video Games,Amazon Reviews 2023,https://m.media-amazon.com/images/I/41hislDd0wL.jpg,4.5,2
B09V6PJ1SC,Nozlen 保护壳,游戏,Nozlen,374,278,游戏|保护壳,Motu Origins Protective Cases by Nozlen - Masters of The Universe - HE-Man - WWE,Amazon Home,Amazon Reviews 2023,https://m.media-amazon.com/images/I/41-0YmjUNAL._AC_.jpg,4.5,25
B086PN1SLM,LexonElec 键盘,游戏,LexonElec,274,915,游戏|键盘,"Wired Mechanical Gaming Keyboard USB Metal Blue Switch PC Gaming Keyboard with White LED Backlit for Computer Gamers (Blue Switch, Black)",Computers,Amazon Reviews 2023,https://m.media-amazon.com/images/I/415QLDn9C2L._AC_.jpg,4.5,536
B004BV5O0U,Xseed Games 游戏商品,游戏,Xseed Games,1332,421,游戏,The Legend of Heroes: Trails in the Sky - Sony PSP,Video Games,Amazon Reviews 2023,https://m.media-amazon.com/images/I/5161FMtOdLL.jpg,4.4,91
B001ELJEA6,Electronic Arts 游戏商品,游戏,Electronic Arts,140,248,游戏,Harry Potter: Goblet of Fire - Sony PSP,Video Games,Amazon Reviews 2023,https://m.media-amazon.com/images/I/51M7XHZJASL.jpg,3.6,38
B00004SVP3,FCI 游戏商品,游戏,FCI,288,637,游戏,Dr. Chaos,Video Games,Amazon Reviews 2023,https://m.media-amazon.com/images/I/41JWBBuzOqL.jpg,4.5,11
B0BMLVYQZD,PHNIXGAM 耳机,游戏,PHNIXGAM,274,588,游戏|耳机,"PHNIXGAM Cat Ear Gaming Cute Headset, Wired Over-Ear Headphones with Noise Cancelling Microphone, Surround Sound, LED Backlight for PS4, PS5, Xbox One(No Adapter), PC, Mobile Phone, White & Pink",Video Games,Amazon Reviews 2023,https://m.media-amazon.com/images/I/412zD+yNy1L._AC_.jpg,4.3,323
B07LDMYC7V,Amazon Renewed 任天堂游戏,游戏,Amazon Renewed,100,813,游戏|任天堂,Game Party 2 - Nintendo Wii (Renewed),Video Games,Amazon Reviews 2023,https://m.media-amazon.com/images/I/51iwcuBYj5L.jpg,4.4,100
B0BJ2N41R9,DLseego 保护壳,游戏,DLseego,122,384,游戏|保护壳,DLseego Devil Rabbit Switch Protective Case Soft TPU Shell Shockproof Scratch Resistant Cover Joy Con Skin with 4PCS Lovely Bunny & Cat Paw Thumb Grips Caps for Switch 2017 - Phone Call Rabbit Pink,Cell Phones & Accessories,Amazon Reviews 2023,https://m.media-amazon.com/images/I/512OIFugCeL._AC_.jpg,4.7,46
B09TFCFZJ6,Perfect PCA 任天堂游戏,游戏,Perfect PCA,42,890,游戏|任天堂,Silicone Analog Controller Thumb Stick Grips Cap for Nintendo Switch NS Controller Joy-Con/Switch Lite ThumbStick（2 PCS White-Pink Cute Cat Paw Claw）,Tools & Home Improvement,Amazon Reviews 2023,https://m.media-amazon.com/images/I/31FmyoreyEL._AC_.jpg,4.5,1249
B06Y3SRCTN,Kalypso Media Xbox 游戏,游戏,Kalypso Media,144,637,游戏,Tropico 5 - Complete Collection - Xbox One,Video Games,Amazon Reviews 2023,https://m.media-amazon.com/images/I/61cN3V3WZcL.jpg,4.1,70
B07JKM5FVP,Electronic Arts 游戏商品,游戏,Electronic Arts,130,507,游戏,The Sims 4 Get Famous - PC,Video Games,Amazon Reviews 2023,https://m.media-amazon.com/images/I/51938EAfH5L.jpg,4.5,193
B08P1CB1G2,eXtremeRate 保护壳,游戏,eXtremeRate,115,626,游戏|保护壳|保护膜,"eXtremeRate PlayVital Guardian Edition Blue Ergonomic Soft Anti-Slip Controller Silicone Case Cover for ps5, Rubber Protector Skins with Black Joystick Caps for ps5 Controller",Computers,Amazon Reviews 2023,https://m.media-amazon.com/images/I/41dOvLZq1cL._AC_.jpg,4.5,2365
B00002SUAF,BANDAI NAMCO Entertainment PlayStation 游戏,游戏,BANDAI NAMCO Entertainment,648,619,游戏|PlayStation,Power Rangers Zeo Pinball - PlayStation,Video Games,Amazon Reviews 2023,https://m.media-amazon.com/images/I/41bt1jukg8L.jpg,4.6,3
B002KE4NVG,Telltale 游戏商品,游戏,Telltale,64,245,游戏,Tales of Monkey Island: Chapter 1 [Download],Video Games,Amazon Reviews 2023,https://m.media-amazon.com/images/I/4193ZaYMTBL.jpg,3.7,37
B0816HC1H7,eXtremeRate Xbox 游戏,游戏,eXtremeRate,83,446,游戏,eXtremeRate Black Vertical Stand for Xbox One S Console,Computers,Amazon Reviews 2023,https://m.media-amazon.com/images/I/41ToQaCHVrL._AC_.jpg,4.3,16
B07PFRQP6F,rtwetof 保护壳,游戏,rtwetof,50,287,游戏|保护壳|任天堂,Silicone Thumb Grips Cover Case Analog Stick Joystick Covers Cap Non-Slip Thumb Stick Caps for Nintendo Switch Joy-con (B),Computers,Amazon Reviews 2023,https://m.media-amazon.com/images/I/41pvg++VS7L._AC_.jpg,4.3,324
B00GYL29NU,"Adolph Kiefer and Associates, LLC 游戏商品",游戏,"Adolph Kiefer and Associates, LLC",172,419,游戏,Injustice: Gods Among Us - Ultimate Edition /ps4,Video Games,Amazon Reviews 2023,https://m.media-amazon.com/images/I/51PMcUpCQdL.jpg,4.4,566
B098XD357L,Dasheen PlayStation 游戏,游戏,Dasheen,113,841,游戏|PlayStation,PS5 DualSense Anti-Slip Silicone Skin Controller for Sony PlayStation 5 with Thumb Grips (Purple),Video Games,Amazon Reviews 2023,https://m.media-amazon.com/images/I/410dJBQnDoL._AC_.jpg,4.5,52
B001EYUWL8,Ubisoft 任天堂游戏,游戏,Ubisoft,144,518,游戏|任天堂,Tom Clancy's EndWar - Nintendo DS,Video Games,Amazon Reviews 2023,https://m.media-amazon.com/images/I/51N7wqo8o0L.jpg,3.9,32
B077W4YKVB,IEason 游戏商品,游戏,IEason,56,569,游戏,"IEason,Vintage Classic Men's Waterproof Date Leather Strap Sport Quartz Army Watch (Light Green)",Toys & Games,Amazon Reviews 2023,https://m.media-amazon.com/images/I/415ScZeicTL._AC_.jpg,3.2,46
B006M38RX6,Fugazo 游戏商品,游戏,Fugazo,72,648,游戏,Committed: Mystery at Shady Pines [Download],Video Games,Amazon Reviews 2023,https://m.media-amazon.com/images/I/51RcAZawbPL.jpg,3.2,26
B09SHMXFRM,playvital 保护套,游戏,playvital,72,292,游戏|任天堂,"PlayVital Penguin Joystick Caps for Nintendo Switch, Thumbstick Caps for Switch Lite, Analog Cover for Switch OLED Joycon Thumb Grip Caps for Switch & Switch Lite & Switch OLED - Light Violet",Computers,Amazon Reviews 2023,https://m.media-amazon.com/images/I/31Y5lczH3+L._AC_.jpg,4.5,314
B00BN5T30E,Ubisoft 游戏商品,游戏,Ubisoft,316,81,游戏,Assassin's Creed IV Black Flag - PC,Video Games,Amazon Reviews 2023,https://m.media-amazon.com/images/I/51yJFuReBHL.jpg,4.1,286
B000EP3ZLC,Aspyr 游戏商品,游戏,Aspyr,158,178,游戏,Dreamfall: The Longest Journey - PC,Video Games,Amazon Reviews 2023,https://m.media-amazon.com/images/I/51RTTW4TRQL.jpg,3.6,197
B002XUKTT2,Gamehouse 游戏商品,游戏,Gamehouse,72,193,游戏,Delicious: Emily's Holiday Season [Download],Video Games,Amazon Reviews 2023,https://m.media-amazon.com/images/I/51N-5wft+KL.jpg,4.1,39
B0C61Q3TVB,Kujian PlayStation 游戏,游戏,Kujian,259,963,游戏|PlayStation,"Kujian Wireless Controller for PS4, High Performance Double Shock Game Controller Compatible with Playstation 4/Slim/Pro/PC Gaming Controller with Sensitive Touch Pad, Motion Sensor(Nebula Series)",Video Games,Amazon Reviews 2023,https://m.media-amazon.com/images/I/51mIkFcowcL.jpg,4.1,517
B000WQ3838,Rockstar Games PlayStation 游戏,游戏,Rockstar Games,360,245,游戏|PlayStation,Midnight Club: Los Angeles - Playstation 3,Video Games,Amazon Reviews 2023,https://m.media-amazon.com/images/I/51FcQEtS8qL.jpg,4.0,172
B0B3MF7BTH,playvital 保护壳,游戏,playvital,130,156,游戏|保护壳|任天堂,"PlayVital Blue Nebula Protective Case for Nintendo Switch, Soft TPU Slim Case Cover for Nintendo Switch Joycon Console with Colorful ABXY Direction Button Caps",Cell Phones & Accessories,Amazon Reviews 2023,https://m.media-amazon.com/images/I/41sLK36ZShL._AC_.jpg,4.3,362
B073S47LKD,ScreenSeven 游戏商品,游戏,ScreenSeven,108,579,游戏,Ghost Files: The Face of Guilt Collector's Edition [Download],Video Games,Amazon Reviews 2023,https://m.media-amazon.com/images/I/81eGF8gIyPL.jpg,3.9,9
B07NBGCLCX,Hwasubun 鼠标垫,游戏,Hwasubun,360,248,游戏|鼠标,"Hwasubun Gaming Mouse Pads,2 Pack (Color Design b)",Computers,Amazon Reviews 2023,https://m.media-amazon.com/images/I/515Wrq3MkML._AC_.jpg,4.6,91
B09KTNJTZD,leadjoy 键盘,游戏,leadjoy,360,616,游戏|键盘|鼠标,"leadjoy VX2 AimBox Game Console Keyboard and Mouse Adapter, Wired Connection Converter with 3.5mm Studio Jack, Compatible with Switch, Xbox Series X, Xbox One, PS4, PS5",Computers,Amazon Reviews 2023,https://m.media-amazon.com/images/I/41JqtcEt6cL._AC_.jpg,3.5,841
B09PDQ76HP,Joso 游戏商品,游戏,Joso,287,306,游戏,"Joso Charging Dock with LED Light for Oculus Quest 2, Charging Station with 2 Rechargeable Batteries for Meta Oculus Quest 2 Accessories, Fit Elite Strap, VR Quest Holder Stand & Controller Mount",All Electronics,Amazon Reviews 2023,https://m.media-amazon.com/images/I/41BO4SrEKNL._AC_.jpg,4.5,190
B07GN75XN1,Ubisoft 任天堂游戏,游戏,Ubisoft,108,601,游戏|任天堂,Mario + Rabbids Kingdom Battle Donkey Kong Adventure DLC - Nintendo Switch [Digital Code],Video Games,Amazon Reviews 2023,https://m.media-amazon.com/images/I/51yKMrpRn2L.jpg,4.1,312
B0BLXXGZJL,Mastex 鼠标,游戏,Mastex,158,615,游戏|鼠标|办公|存储,"Mastex Mouse Jiggler with Drive-Free and USB Port, Mouse Mover Keeps PC Automatic Running Without Any Control, Undetectable, Suitable for Home Office use",All Electronics,Amazon Reviews 2023,https://m.media-amazon.com/images/I/41vhj-RyfdL._AC_.jpg,4.2,91
B005OBY876,Running with Scissors 游戏商品,游戏,Running with Scissors,72,876,游戏,POSTAL 2: Apocalypse Weekend [Download],Video Games,Amazon Reviews 2023,https://m.media-amazon.com/images/I/51E+oi1mYwL.jpg,2.5,11
B00GUNLZ00,"Jackbox Games, Inc. 游戏商品",游戏,"Jackbox Games, Inc.",9,499,游戏,YOU DON'T KNOW JACK Volume 1 XL [Download],Video Games,Amazon Reviews 2023,https://m.media-amazon.com/images/I/51xdYIiFm4L.jpg,3.8,180
B00061YNOC,Interplay 任天堂游戏,游戏,Interplay,57,586,游戏|任天堂,RPM Radical Psycho Machine Racing: Super Nintendo SNES,Video Games,Amazon Reviews 2023,https://m.media-amazon.com/images/I/41cEJaPy03L.jpg,4.7,3
B009156SHE,Microsoft 游戏商品,游戏,Microsoft,1073,321,游戏,Forza Motorsport 4 Limited Collector's Edition (English/Spanish Version),Video Games,Amazon Reviews 2023,https://m.media-amazon.com/images/I/51dugrDZpJL.jpg,3.9,28
B07ZK7SWCW,VIVEFOX 保护壳,游戏,VIVEFOX,187,794,游戏|保护壳|任天堂,"Hand Grip Case for Nintendo Switch Lite, Vivefox Ergonomic Comfort Shockproof Handles Charging Grip Case Support Quick USB Charging Protective Case with Gamd Card Box Fits Nintendo Switch Lite 2019",Cell Phones & Accessories,Amazon Reviews 2023,https://m.media-amazon.com/images/I/51HjtYfOwrL._AC_.jpg,4.6,157
B0B9ZF4VHT,Marada Xbox 游戏,游戏,Marada,842,358,游戏,"Marada Racing Wheel Stand,Steering Wheel Stand With Water Cup Holder Foldable fit Logitech G25 G27 G29 G920 G923 Thrustmaster T300 T500 Xbox,Shifter&Handbrake&Wheel&Pedals NOT Included",Video Games,Amazon Reviews 2023,https://m.media-amazon.com/images/I/41CD4sg4fbL.jpg,4.5,111
B07KXS41QL,Nyko PlayStation 游戏,游戏,Nyko,143,180,游戏|PlayStation,Nyko Charge Block Duo - 2 Port Controller Charging Station with Patented Charging Dongles and Micro-USB/AC Power Cord for PlayStation 4,Video Games,Amazon Reviews 2023,https://m.media-amazon.com/images/I/416TUyZ144L.jpg,4.4,382
B07FPRWGM4,Molandra Products 数据线,游戏,Molandra Products,65,439,游戏|数据线,Replacement Right Left L R Slider Rail with Flex Cable Fix Part for Switch NS NX Joy-Con Console (Right),Computers,Amazon Reviews 2023,https://m.media-amazon.com/images/I/31JkBbZwaRL._AC_.jpg,4.5,163
B00XY0IVK4,Electronic Arts PlayStation 游戏,游戏,Electronic Arts,180,879,游戏|PlayStation,NHL 16 - PlayStation 4,Video Games,Amazon Reviews 2023,https://m.media-amazon.com/images/I/51vx1G5cSWL.jpg,4.4,342
B00005V9O0,Gameboy Advance 游戏商品,游戏,Gameboy Advance,86,699,游戏,"Nascar Heat 2002, Racing, Game Boy Advance",Video Games,Amazon Reviews 2023,https://m.media-amazon.com/images/I/51aUlH+8CRL.jpg,4.4,8
B07VTR7B18,Redragon 键盘,游戏,Redragon,230,985,游戏|键盘,"Redragon K503 PC Gaming Keyboard, Wired, Multimedia Keys, Silent USB Keyboard with Wrist Rest for Windows PC Games (RGB LED Backlit with Macro Recording)",Computers,Amazon Reviews 2023,https://m.media-amazon.com/images/I/41Gmj3yEB-L._AC_.jpg,4.6,472
B07W9955Z4,Hyperkin 保护壳,游戏,Hyperkin,78,967,游戏|保护壳|任天堂,Hyperkin EVA Hard Shell Carrying Case for Nintendo Switch Lite (White/Turquoise),Video Games,Amazon Reviews 2023,https://m.media-amazon.com/images/I/41PEAw4hbYL.jpg,4.3,92
B00008DHLK,ACTIVISION 游戏商品,游戏,ACTIVISION,482,0,游戏,X2 Wolverine's Revenge,Video Games,Amazon Reviews 2023,https://m.media-amazon.com/images/I/51GUSqcPa-L.jpg,3.8,51
B00006JN5L,Electronic Arts 游戏商品,游戏,Electronic Arts,75,981,游戏,NBA Live 2003,Video Games,Amazon Reviews 2023,https://m.media-amazon.com/images/I/51tMK22XUgL.jpg,3.4,26
B0B63CZYM7,VidPPluing 数据线,游戏,VidPPluing,43,246,游戏|数据线|耳机,"VidPPluing Link Cable 16FT, USB C Cable for Meta/Oculus Quest 2 and PC/Steam VR and More, High Speed Data Transfer & Fast Charging USB 3.0 to USB C Cable for VR Headset and Gaming PC",Computers,Amazon Reviews 2023,https://m.media-amazon.com/images/I/41od3899c7L._AC_.jpg,4.0,39
B0B5KDWCVZ,HEYSTOP 屏幕保护膜,游戏,HEYSTOP,94,539,游戏|保护壳|保护膜|任天堂,"HEYSTOP Case Compatible with Nintendo Switch Lite, with Tempered Glass Screen Protector and 4 Thumb Grip, Front and Back, All-Round Protective case (Blue)",Video Games,Amazon Reviews 2023,https://m.media-amazon.com/images/I/51-WiLOCNGS.jpg,4.5,147
B0001AVSH8,Square Enix Xbox 游戏,游戏,Square Enix,216,752,游戏,Hitman Contracts - Xbox,Video Games,Amazon Reviews 2023,https://m.media-amazon.com/images/I/41I8RGwqinL.jpg,4.2,64
B08VS1LLBN,GUANGLU 数据线,游戏,GUANGLU,63,554,游戏|数据线,"GUANGLU 2PCS Cable Clips for Oculus Quest 1/2, Oculus Quest Link Cable Clips, Cable Organizer Wire Clips Cord Holder for Oculus Quest",Amazon Home,Amazon Reviews 2023,https://m.media-amazon.com/images/I/41bRZvE6WkL._AC_.jpg,4.2,9
B0000CE1IN,Electronic Arts 游戏商品,游戏,Electronic Arts,540,857,游戏,Black and White Deluxe - PC,Video Games,Amazon Reviews 2023,https://m.media-amazon.com/images/I/51G8A4E6A7L.jpg,3.5,41
B07QN1KG7D,Maximum Games PlayStation 游戏,游戏,Maximum Games,223,52,游戏|PlayStation,Tennis World Tour Roland-Garros Edition (PS4) - PlayStation 4,Video Games,Amazon Reviews 2023,https://m.media-amazon.com/images/I/51h3Xf442zL.jpg,4.2,246
B07KQG52FS,Amazon Renewed 游戏商品,游戏,Amazon Renewed,1043,893,游戏,Super Metroid (Renewed),Video Games,Amazon Reviews 2023,https://m.media-amazon.com/images/I/51wrsKWlknL.jpg,3.6,3
B0000C0YSB,Electronic Arts 游戏商品,游戏,Electronic Arts,432,790,游戏,The Sims: Double Deluxe - PC,Video Games,Amazon Reviews 2023,https://m.media-amazon.com/images/I/51JZ2GY1REL.jpg,3.5,59
B099WMXYGH,CNBEYOUNG 游戏商品,游戏,CNBEYOUNG,65,277,游戏,"CNBEYOUNG Head Back Padding Compatible with Quest 2 Official Soft Head Strap, Gravity Pressure Balance Cushion Accessories for Quest 2,Reduce Pressure Enhance Support in VR Gaming (Black)",Cell Phones & Accessories,Amazon Reviews 2023,https://m.media-amazon.com/images/I/31uWQ+HZxeL._AC_.jpg,4.2,42
B01GY35HKE,Electronic Arts Xbox 游戏,游戏,Electronic Arts,266,486,游戏,Mass Effect Andromeda Deluxe - Xbox One,Video Games,Amazon Reviews 2023,https://m.media-amazon.com/images/I/51orvLCO+kL.jpg,4.3,1142
B01LZD40GO,Take 2 Interactive 游戏商品,游戏,Take 2 Interactive,173,586,游戏,XCOM 2 (PS4),Video Games,Amazon Reviews 2023,https://m.media-amazon.com/images/I/51YMTXGTWvL.jpg,4.2,20
B007YZCE94,WB Games 任天堂游戏,游戏,WB Games,202,227,游戏|任天堂,LEGO Batman 2: DC Super Heroes - Nintendo 3DS,Video Games,Amazon Reviews 2023,https://m.media-amazon.com/images/I/51i6z7wHquL.jpg,4.6,344
B001EYUX4O,THQ 游戏商品,游戏,THQ,192,871,游戏,Wall-E - Sony PSP,Video Games,Amazon Reviews 2023,https://m.media-amazon.com/images/I/51tfQp59aAL.jpg,4.1,57
B07M9ZL9RX,WASD Keyboards 保护壳,游戏,WASD Keyboards,1332,302,游戏|保护壳|键盘,"Code V3 87-Key Illuminated Mechanical Keyboard - White LED Backlighting, Black Case (Cherry MX Clear)",Computers,Amazon Reviews 2023,https://m.media-amazon.com/images/I/21Pnu10qKjL._AC_.jpg,4.5,116
B07HC8PBDB,eXtremeRate 保护壳,游戏,eXtremeRate,108,562,游戏|保护壳,"eXtremeRate Red Faceplate Cover, Soft Touch Front Housing Shell Case, Comfortable Soft Grip Replacement Kit for Xbox One X S Controller - Controller NOT Included",Video Games,Amazon Reviews 2023,https://m.media-amazon.com/images/I/41T1RIuXMdL.jpg,4.2,5703
B00K5I323O,Electronic Arts Xbox 游戏,游戏,Electronic Arts,144,926,游戏,"Madden NFL 15: 2,200 Points - Xbox One Digital Code",Video Games,Amazon Reviews 2023,https://m.media-amazon.com/images/I/51jl0TsxM2L.jpg,2.8,6
B000RE50FO,Nintendo 任天堂游戏,游戏,Nintendo,252,398,游戏|任天堂,Sonic Rush Adventure (Nintendo DS),Video Games,Amazon Reviews 2023,https://m.media-amazon.com/images/I/61+pl5d5MBL.jpg,4.1,68
B0BGLYDKZ1,TOMSIN 保护套,游戏,TOMSIN,137,119,游戏,"TOMSIN Touch Controller Grip Cover for Oculus Quest 2 with Silicone Face Cover, Protective Lens Cover, Silicone Handle Strap Disposable Eye Cover Combo, Sweatproof Lightproof Accessories (Black)",Video Games,Amazon Reviews 2023,https://m.media-amazon.com/images/I/412UrSMuZhL._AC_.jpg,4.3,987
B08GPJJS8R,Greshare 鼠标,游戏,Greshare,130,220,游戏|鼠标,"Greshare Wireless Mouse,2.4G Wireless Vertical Ergonomic Optical Mice, 800/1200/1600/2400 DPI, 5 Buttons for Laptop, Desktop, PC, MacBook,Removable Palm Rest & Thumb Buttons Reduces Hand/Wrist Pain.",All Electronics,Amazon Reviews 2023,https://m.media-amazon.com/images/I/41ZX7JeV6FL._AC_.jpg,3.9,31
B0C1RKG2PM,NANANINO 游戏商品,游戏,NANANINO,144,489,游戏,"Switch Pro Controller Skin, Cute Cat Paw Switch Pro Controller Skin with Switch Pro Controller Thumb Grip Caps and Stickers - Green",All Electronics,Amazon Reviews 2023,https://m.media-amazon.com/images/I/41pa3MIKsoL._AC_.jpg,4.3,16
B00SGO8TNC,Nintendo 充电器,游戏,Nintendo,132,135,游戏|充电器|数据线|任天堂,Genuine Nintendo OEM WiiU AC Adapter Power Supply Replacement Set With Wall Charger Cable Cord (Not compatible with Nintendo Wii),Computers,Amazon Reviews 2023,https://m.media-amazon.com/images/I/31i0zE-138L._AC_.jpg,4.7,623
B084DVJLFP,pqube 任天堂游戏,游戏,pqube,216,519,游戏|任天堂,Cat Quest & Cat Quest II: Pawsome Pack (Switch) (Nintendo Switch),Video Games,Amazon Reviews 2023,https://m.media-amazon.com/images/I/51CXSWAmFwL.jpg,4.6,381
B09MFFTCX8,PDP 任天堂游戏,游戏,PDP,202,758,游戏|任天堂,"PDP Gaming Faceoff Deluxe+ Wired Switch Pro Controller - Officially Licensed by Nintendo - Customizable buttons, sticks, triggers, and paddles - Ergonomic Controllers - Purple Camo / Camouflage",Video Games,Amazon Reviews 2023,https://m.media-amazon.com/images/I/415UoPqEwuL.jpg,4.5,7488
B07NLDPQZQ,Ubisoft Xbox 游戏,游戏,Ubisoft,178,427,游戏,Watch Dogs 2: Gold Edition (Includes Extra Content + Season Pass subscription) - Xbox One,Video Games,Amazon Reviews 2023,https://m.media-amazon.com/images/I/611vUnn4owL._AC_.jpg,4.7,216
B07GJ5W7HV,Microsoft Xbox 游戏,游戏,Microsoft,712,398,游戏,Microsoft Xbox Wireless Controller - Phantom Black Special Edition - Xbox One (Discontinued),Video Games,Amazon Reviews 2023,https://m.media-amazon.com/images/I/41Z1wxd3Z-L.jpg,4.6,3874
B00004TEXU,ACTIVISION 游戏商品,游戏,ACTIVISION,1080,121,游戏,Tony Hawk's Pro Skater 2,Video Games,Amazon Reviews 2023,https://m.media-amazon.com/images/I/51FJZMEGENL.jpg,4.6,329
B003B07FFY,Skinhub PlayStation 游戏,游戏,Skinhub,94,708,游戏|PlayStation,God of War 3 III Game Skin for Sony Playstation 3 Console,Video Games,Amazon Reviews 2023,https://m.media-amazon.com/images/I/51Xhe5aA7JL.jpg,4.7,5
B00002SUQN,GT Interactive 游戏商品,游戏,GT Interactive,576,576,游戏,Beavis And Butt-Head,Video Games,Amazon Reviews 2023,https://m.media-amazon.com/images/I/41fFJueHTYL.jpg,4.5,7
B07DK574FC,Lowepro 充电器,游戏,Lowepro,144,419,游戏|充电器|数据线,"Lowepro GearUp Pouch Mini: A Compact Travel Organizer Pouch for Smartphone Cables, Adapters, Chargers, Batteries and More",Camera & Photo,Amazon Reviews 2023,https://m.media-amazon.com/images/I/41ibCdUCmsL._AC_.jpg,4.6,847
B0BKH2DWNP,Crazy Controllerz Xbox 游戏,游戏,Crazy Controllerz,1584,318,游戏,"Xbox Elite Series 2 Custom Soft Touch Controller - Soft Touch Feel, Added Grip, Neon Green Color - Compatible with Xbox One, Series X, Series S",Computers,Amazon Reviews 2023,https://m.media-amazon.com/images/I/410G106Md5L._AC_.jpg,3.9,33
B09L4H6FQF,SNLLMZI 数据线,游戏,SNLLMZI,50,368,游戏|数据线,"Wii to HDMI Converter with Wii Console Output Video and Audio with 3.5mm Jack Audio Wii HDMI Output Compatible with Wii U, HDTV, Monitor-Supports All Wii Display Modes 720P, NTS - HDMI Cable Included",All Electronics,Amazon Reviews 2023,https://m.media-amazon.com/images/I/41Q2FHKe+nL._AC_.jpg,4.5,180
B01GHBJM72,Atlus PlayStation 游戏,游戏,Atlus,432,823,游戏|PlayStation,The King of Fighters XIV: SteelBook Launch Edition - PlayStation 4,Video Games,Amazon Reviews 2023,https://m.media-amazon.com/images/I/51M3MK1TUWL.jpg,4.6,242
B09MW19Y15,Logitech 耳机,游戏,Logitech,576,430,游戏|耳机,Logitech G G435 Wireless Gaming Headset (Black),All Electronics,Amazon Reviews 2023,https://m.media-amazon.com/images/I/319Xzd7WwML._AC_.jpg,4.5,8
B01J4KDIDW,Call of Duty 游戏商品,游戏,Call of Duty,432,303,游戏,Call of Duty: Black Ops 1 & 2 Combo Pack (PS3) by ACTIVISION,Video Games,Amazon Reviews 2023,https://m.media-amazon.com/images/I/51kU0vt43jL.jpg,3.9,18
B00ICQ8FNS,CyberTech 充电器,游戏,CyberTech,58,284,游戏|PlayStation|充电器|数据线,Cybertech USB Charging Charger 5' Feet Cables Cord for PS4 DualShock 4 Playstation 4 Controller [PlayStation 4] …,Video Games,Amazon Reviews 2023,https://m.media-amazon.com/images/I/41Kt53AEPpL.jpg,3.8,10
B075ND7H68,THQ Nordic 游戏商品,游戏,THQ Nordic,176,826,游戏|PlayStation,MX vs ATV All Out (PS4),Video Games,Amazon Reviews 2023,https://m.media-amazon.com/images/I/51-BmVcD-FS.jpg,4.4,745
B00CJ0OB68,Rocket Jump Limited 游戏商品,游戏,Rocket Jump Limited,36,89,游戏,Major Mayhem [Download],Video Games,Amazon Reviews 2023,https://m.media-amazon.com/images/I/51+GYsOAFHL.jpg,3.0,7
B001EYUO2U,Aspyr 游戏商品,游戏,Aspyr,54,220,游戏,The Sims 2 Happy Holiday Stuff Pack - Mac,Video Games,Amazon Reviews 2023,https://m.media-amazon.com/images/I/51clWP-9yjL.jpg,4.0,16
B09V1TG17Z,AC Infinity 数据线,游戏,AC Infinity,65,958,游戏|数据线,"AC Infinity UIS to UIS Extension Cable Female to Male, 10 Foot Connection Extender Cord, Works with Controller 69, Controller 63, CLOUDRAY, CLOUDLINE LITE, IONGRID, and IONBOARD",All Electronics,Amazon Reviews 2023,https://m.media-amazon.com/images/I/31rYB87-0bL._AC_.jpg,4.7,47
B0B28FGCJY,MOZA Racing 游戏商品,游戏,MOZA Racing,3377,336,游戏,MOZA GS GT Wheel,Computers,Amazon Reviews 2023,https://m.media-amazon.com/images/I/41v6xIF9irL._AC_.jpg,3.9,4
B002GP5W0U,Urse Games 游戏商品,游戏,Urse Games,72,447,游戏,Season Match 2 [Download],Video Games,Amazon Reviews 2023,https://m.media-amazon.com/images/I/41HRXFMtl9L.jpg,4.7,4
B077R2N9VB,PM Studios 任天堂游戏,游戏,PM Studios,360,670,游戏|任天堂,MUSYNX - Nintendo Switch,Video Games,Amazon Reviews 2023,https://m.media-amazon.com/images/I/41tXzD+gCcL.jpg,4.3,69
B00GFW1LWI,PlayStation PlayStation 游戏,游戏,PlayStation,338,704,游戏|PlayStation,PlayStation Move Charging Station,Video Games,Amazon Reviews 2023,https://m.media-amazon.com/images/I/31d9kvVy+BL.jpg,4.4,544
B071ZG8RRK,CHILDMORY 数据线,游戏,CHILDMORY,58,757,游戏|数据线,CHILDMORY 1.8M / 6FT DC Scart RGB AV Cable Audio Cable Video Connector for Dreamcast,Industrial & Scientific,Amazon Reviews 2023,https://m.media-amazon.com/images/I/415wsyZjhVL.jpg,3.6,32
B00079MVHY,Simon & Schuster 保护壳,游戏,Simon & Schuster,47,199,游戏|保护壳,Star Trek Deep Space 9: The Fallen (Jewel Case) - PC,Video Games,Amazon Reviews 2023,https://m.media-amazon.com/images/I/51P4AZCNXVL.jpg,3.7,16
B0BWH6DVT8,Camiysn 键盘,游戏,Camiysn,288,211,游戏|键盘|办公,"Compact 80% Mechanical Gaming Keyboard, 98 Key Hot-Swappable Keyboard with Number Pad and Extra 16 keycaps, Anti-Ghosting Gaming/Office Keyboard with Blue Switches for Windows Mac PC, Black Grey",Computers,Amazon Reviews 2023,https://m.media-amazon.com/images/I/41JNv1Tq52L._AC_.jpg,4.3,111
B086YZYZPC,Amazon Renewed 任天堂游戏,游戏,Amazon Renewed,126,284,游戏|任天堂,Official Nintendo Switch Joy-Con Grip (Renewed),Computers,Amazon Reviews 2023,https://m.media-amazon.com/images/I/41ESgPilriL._AC_.jpg,4.8,1411
B09KQ2J9YP,miadore 游戏商品,游戏,miadore,122,518,游戏,miadore 2 Pack Retro N64 Controllers Wired N64 Classic 64-bit Mini Gamepad Remote with Upgraded Japan Joystick for Ultra N64 Console Video Game System (Jungle Green/Yellow),Video Games,Amazon Reviews 2023,https://m.media-amazon.com/images/I/41C2xGvttJL.jpg,4.7,53
B0040XXSKM,PDP 保护壳,游戏,PDP,395,217,游戏|保护壳,PDP DS Lite/DSi Fairies Game Case and Stylus,Video Games,Amazon Reviews 2023,https://m.media-amazon.com/images/I/41CgWD8UETL.jpg,4.8,6
B000021Y30,Nintendo 任天堂游戏,游戏,Nintendo,432,161,游戏|任天堂,Rampage World Tour - Nintendo 64,Video Games,Amazon Reviews 2023,https://m.media-amazon.com/images/I/510iVNQE1oL.jpg,4.1,105
B000AV3XBW,SEGA 游戏商品,游戏,SEGA,108,828,游戏,F-117 Night Storm,Video Games,Amazon Reviews 2023,https://m.media-amazon.com/images/I/41Eh9YWDG8L.jpg,2.8,4
B00NQRGU6M,ACTIVISION Xbox 游戏,游戏,ACTIVISION,497,490,游戏,Duck Dynasty - Xbox One,Video Games,Amazon Reviews 2023,https://m.media-amazon.com/images/I/6178vhg-Y-L.jpg,4.3,137
B07MFQX2QP,UUShop 保护套,游戏,UUShop,72,503,游戏|PlayStation,UUShop Vinyl Skin Sticker Decal Cover for Playstation4 PS4 Controller Purple Starry Galaxy,Computers,Amazon Reviews 2023,https://m.media-amazon.com/images/I/41zBakKGRqL._AC_.jpg,3.9,73
B000VVAVCK,Konami 游戏商品,游戏,Konami,313,386,游戏,Lethal Enforcers II: Gun Fighters 2,Video Games,Amazon Reviews 2023,https://m.media-amazon.com/images/I/41sPf1Z7jWL.jpg,4.4,3
B0C357ZK5C,Next Level Racing 键盘,游戏,Next Level Racing,761,747,游戏|键盘|鼠标,Next Level Racing F-GT Elite Keyboard and Mouse Tray Carbon Grey (NLR-E010) - PC,Video Games,Amazon Reviews 2023,https://m.media-amazon.com/images/I/31d5JldF5YL.jpg,3.6,30
B00I6OR1TU,Assecure 游戏商品,游戏,Assecure,54,601,游戏|PlayStation,Assecure 2X Replacement Controller Analogue thumbsticks Thumb Grip Stick for,Computers,Amazon Reviews 2023,https://m.media-amazon.com/images/I/41YHPKJDTcL._AC_.jpg,4.3,465
B00EU61DL0,Konami 游戏商品,游戏,Konami,544,148,游戏,Castlevania Lords of Shadow Collection,Video Games,Amazon Reviews 2023,https://m.media-amazon.com/images/I/61DJkitpddL.jpg,4.5,217
B00YM7AKLG,Electronic Arts PlayStation 游戏,游戏,Electronic Arts,187,776,游戏|PlayStation,FIFA 16 - Standard Edition - PlayStation 4,Video Games,Amazon Reviews 2023,https://m.media-amazon.com/images/I/51xvqYOzb0L.jpg,4.7,1363
B084QGDGYZ,Serounder 游戏商品,游戏,Serounder,99,833,游戏|保护膜,"Hand Grip Holder for 3DS, Ergonomic Game Console Gamepads Bracket Protector Sets for 3DSXL 3DSLL N3DSXL N3DSLL Host",All Electronics,Amazon Reviews 2023,https://m.media-amazon.com/images/I/31BAkwovnQL._AC_.jpg,3.7,8
B07SJFD972,Wondrux 充电器,游戏,Wondrux,86,161,游戏|充电器|数据线|PlayStation,"Charger Cable for PS4 Controller – 2 Pack 10FT Nylon Braided Micro USB 2.0 Charge and Play Data Sync Charging Cord for Playstation 4, dualshock 4, Xbox One S/X Controller, Samsung, Android Phones",All Electronics,Amazon Reviews 2023,https://m.media-amazon.com/images/I/41zXrgd781L._AC_.jpg,4.4,1177
B00083B6DE,Sierra 游戏商品,游戏,Sierra,65,327,游戏,Betrayal in Antara,Software,Amazon Reviews 2023,https://m.media-amazon.com/images/I/515DrnHi5tL._AC_.jpg,4.4,6
B0009R1TGS,Rockstar Games PlayStation 游戏,游戏,Rockstar Games,720,690,游戏|PlayStation,Suffering Ties That Bind - PlayStation 2,Video Games,Amazon Reviews 2023,https://m.media-amazon.com/images/I/51PW37ZESJL.jpg,4.1,123
B07W3RQJ3N,Game Mill 任天堂游戏,游戏,Game Mill,264,822,游戏|任天堂,Zombieland: Double Tap - Roadtrip - Nintendo Switch Standard Edition,Video Games,Amazon Reviews 2023,https://m.media-amazon.com/images/I/51QjeL8oP2L.jpg,4.2,227
B0072PQG22,Entertainment 游戏商品,游戏,Entertainment,364,225,游戏,"TAROT PLUS - An Instant & Fun Glimpse into Your Past, Present & Future!",Video Games,Amazon Reviews 2023,https://m.media-amazon.com/images/I/61dYo5rwOKL.jpg,1.0,1
B07FQ6XPSP,Microsoft Xbox 游戏,游戏,Microsoft,281,684,游戏,Forza Horizon 4 - Xbox One,Video Games,Amazon Reviews 2023,https://m.media-amazon.com/images/I/51CtXg35JpL.jpg,4.4,384
B0777DRH1Y,Hikfly 保护套,游戏,Hikfly,85,197,游戏|PlayStation|保护膜,Hikfly Silicone Gel Controller Cover Skin Protector Compatible for PS4/PS4 Slim/PS4 Pro Controller (1 x Controller Cover with 8 x FPS Pro Thumb Grip Caps)(Grey),Video Games,Amazon Reviews 2023,https://m.media-amazon.com/images/I/41zBFhmb5mL.jpg,4.4,4646
B072VM6KH6,SIBIONO 任天堂游戏,游戏,SIBIONO,79,684,游戏|任天堂,SIBIONO-Nunchuck Controller for Nintendo Wii/Wii U Video Game. (Black),Computers,Amazon Reviews 2023,https://m.media-amazon.com/images/I/41aXO2KKntL._AC_.jpg,4.5,89
B09DF8ZDY9,AgQrDkrc 耳机,游戏,AgQrDkrc,223,56,游戏|耳机,VR Headset with Controller Adjustable 3D VR Glasses Virtual Reality Headset HD Blu-ray Eye Protected Support 5~7 Inch with Controller,All Electronics,Amazon Reviews 2023,https://m.media-amazon.com/images/I/41d6Uq9kATL._AC_.jpg,3.5,195
B075FFTPQ2,Skinit 游戏商品,游戏,Skinit,216,123,游戏|PlayStation,Skinit Decal Gaming Skin Compatible with PS4 Console - Officially Licensed NFL Atlanta Falcons Vintage Design,All Electronics,Amazon Reviews 2023,https://m.media-amazon.com/images/I/41UV39saL+L._AC_.jpg,5.0,1
B000B8GTA6,"Steve Martin (Actor), Hilary Duff (Actor) Rated: PG Format: UMD for PSP 游戏商品",游戏,"Steve Martin (Actor), Hilary Duff (Actor) Rated: PG Format: UMD for PSP",78,132,游戏,Cheaper by the Dozen,Movies & TV,Amazon Reviews 2023,https://m.media-amazon.com/images/I/518JT86BWFL.jpg,4.7,4103
B08266T612,Amazon Renewed 任天堂游戏,游戏,Amazon Renewed,64,868,游戏|任天堂,Shaun White Snowboarding Road Trip - Nintendo Wii (Renewed),Video Games,Amazon Reviews 2023,https://m.media-amazon.com/images/I/51GR2Y97MOL.jpg,4.0,5
B0BR3D4X1F,Jhua 充电器,游戏,Jhua,252,982,游戏|充电器|耳机|PlayStation,"Jhua 5-in-1 PSVR2 Charging Station Stand for Playstation VR2 and PS5 Controller Charging Dock Station with VR Headset Display Stand, 4 Controller Charger Station and LED Indicators",All Electronics,Amazon Reviews 2023,https://m.media-amazon.com/images/I/41zE3lwCAdL._AC_.jpg,3.8,51
B00D3M821Q,Nintendo 任天堂游戏,游戏,Nintendo,1914,276,游戏|任天堂,Nintendo Free Shipping and Cheap 3ds Cosmo Black Handheld System (Ntsc),Video Games,Amazon Reviews 2023,https://m.media-amazon.com/images/I/31i1rjxLEoL.jpg,3.0,4
B00002STX8,Nintendo 游戏商品,游戏,Nintendo,189,766,游戏,Super Black Bass,Video Games,Amazon Reviews 2023,https://m.media-amazon.com/images/I/51K-bDsVdjL.jpg,3.8,42
B000K1CS5Y,PlayStation PlayStation 游戏,游戏,PlayStation,504,731,游戏|PlayStation,PlayStation 3 Doubleshock III Wireless Controller (Black),Video Games,Amazon Reviews 2023,https://m.media-amazon.com/images/I/41yr7DuBNpL.jpg,4.4,723
B09JXG5SH9,DROP 键盘,游戏,DROP,1289,952,游戏|键盘,"DROP ALT Mechanical Keyboard — 65% (67 Key) Gaming Keyboard, Hot-Swap Switches, Programmable Macros, RGB LED Backlighting, USB-C, Doubleshot PBT, Aluminum Frame (Cherry MX Blue Black)",Computers,Amazon Reviews 2023,https://m.media-amazon.com/images/I/41rzRRi+XOL._AC_.jpg,4.4,782
B0034JKYU0,ACTIVISION 任天堂游戏,游戏,ACTIVISION,140,550,游戏|任天堂,Bakugan: Battle Trainer - Nintendo DS,Video Games,Amazon Reviews 2023,https://m.media-amazon.com/images/I/61KSa5hoXCL.jpg,4.4,51
B07JGD8W54,MIGHTY SKINS 保护套,游戏,MIGHTY SKINS,135,721,游戏|任天堂,"MightySkins Skin Compatible with Nintendo Switch - Golden Bubbles | Protective, Durable, and Unique Vinyl Decal wrap Cover | Easy to Apply, Remove, and Change Styles | Made in The USA",Computers,Amazon Reviews 2023,https://m.media-amazon.com/images/I/51JcgCqIBVL._AC_.jpg,4.6,5
B07KXBQ4WW,BANDAI NAMCO Entertainment 任天堂游戏,游戏,BANDAI NAMCO Entertainment,491,225,游戏|任天堂,Kamen Rider Climax Scramble (English) - Nintendo Switch,Video Games,Amazon Reviews 2023,https://m.media-amazon.com/images/I/51v2ZYL6H+L.jpg,4.6,198
B09YGSQ1SQ,HEATFUN 保护壳,游戏,HEATFUN,122,187,游戏|保护壳|任天堂,"HEATFUN Switch Game Case, Switch Game Card Case Compatible with Nintendo Switch Games, Cute Switch Card Case with 24 Slots,",Cell Phones & Accessories,Amazon Reviews 2023,https://m.media-amazon.com/images/I/51VkVNIxn4L._AC_.jpg,4.8,27
B006YVI79A,MIGHTY SKINS 任天堂游戏,游戏,MIGHTY SKINS,79,180,游戏|任天堂,MightySkins Skin Compatible with Nintendo 3DS wrap Sticker Skins Color Swatch,Cell Phones & Accessories,Amazon Reviews 2023,https://m.media-amazon.com/images/I/51D+yHllDOL._AC_.jpg,5.0,1
B001OHWQAA,Mumbo Jumbo 任天堂游戏,游戏,Mumbo Jumbo,131,775,游戏|任天堂,7 Wonders 2 - Nintendo DS,Video Games,Amazon Reviews 2023,https://m.media-amazon.com/images/I/61OWMNIG2xL.jpg,4.2,107
B08B6X4WBD,SEGA 游戏商品,游戏,SEGA,154,404,游戏|PlayStation,13 Sentinels: Aegis Rim (PS4),Video Games,Amazon Reviews 2023,https://m.media-amazon.com/images/I/51qvLoQ037L.jpg,4.7,214
B000W79CY6,Atari 游戏商品,游戏,Atari,67,387,游戏,Space Invaders (Atari 2600),Video Games,Amazon Reviews 2023,https://m.media-amazon.com/images/I/51QFcYz1ROL.jpg,4.3,20
B07T4WP6TD,MIGHTY SKINS 保护套,游戏,MIGHTY SKINS,65,908,游戏|PlayStation,"MightySkins Skin Compatible with Sony PS4 Controller - Monroe Currency | Protective, Durable, and Unique Vinyl Decal wrap Cover | Easy to Apply, Remove, and Change Styles | Made in The USA",Cell Phones & Accessories,Amazon Reviews 2023,https://m.media-amazon.com/images/I/51sdqApbjTL._AC_.jpg,4.8,5
B002JTX8A4,Playlogic International 游戏商品,游戏,Playlogic International,50,294,游戏,Sudoku Ball - Detective - PC,Video Games,Amazon Reviews 2023,https://m.media-amazon.com/images/I/51p0R8xan8L.jpg,3.0,3
B0B7B7WQY7,KLIM 键盘,游戏,KLIM,216,689,游戏|键盘,KLIM Chroma Wireless Gaming Keyboard RGB New 2023 Version - Long-Lasting Rechargeable Battery - Quick and Quiet Typing - Water Resistant Backlit Wireless Keyboard for PC PS5 PS4 Xbox One Mac - Black,Computers,Amazon Reviews 2023,https://m.media-amazon.com/images/I/41kdiSAUR0L._AC_.jpg,4.4,12411
B001Q4HLFQ,ACTIVISION PlayStation 游戏,游戏,ACTIVISION,367,931,游戏|PlayStation,Guitar Hero Metallica - Playstation 3,Video Games,Amazon Reviews 2023,https://m.media-amazon.com/images/I/51LYptbroSL.jpg,4.6,256
B088WQVJY4,GuliKit 耳机,游戏,GuliKit,180,651,游戏|任天堂,"GuliKit Route Air Bluetooth Adapter for Nintendo Switch & Lite PS5 PC, Dual Stream Bluetooth Wireless Audio Transmitter with aptX Low Latency Connect Your Bluetooth Speakers Headphones - Blue",Cell Phones & Accessories,Amazon Reviews 2023,https://m.media-amazon.com/images/I/41F9VRUPaiL._AC_.jpg,4.1,423
B000TB6PEK,Lucasfilm Games 游戏商品,游戏,Lucasfilm Games,468,273,游戏,Star Wars: The Empire Strikes Back,Video Games,Amazon Reviews 2023,https://m.media-amazon.com/images/I/41CqZE0SqYL.jpg,4.6,12
B013OW09WY,ACTIVISION 充电器,游戏,ACTIVISION,96,460,游戏|充电器|存储,Skylanders SuperChargers: Drivers Big Bubble Pop Fizz Character Pack,Video Games,Amazon Reviews 2023,https://m.media-amazon.com/images/I/41Nu2EIAQJL.jpg,4.3,68
B00002STHB,Ocean 游戏商品,游戏,Ocean,79,256,游戏,GT Racing 64: Championship Edition,Video Games,Amazon Reviews 2023,https://m.media-amazon.com/images/I/31VGZBBTXJL.jpg,3.8,17
B08HMJVVZR,eXtremeRate 保护壳,游戏,eXtremeRate,108,624,游戏|保护壳,"eXtremeRate Foggy Clear Blue Faceplate Cover for Xbox One Wireless Controller (Model 1708), Custom Case Replacement Front Housing Shell for Xbox One S & Xbox One X Controller - Controller NOT Included",Video Games,Amazon Reviews 2023,https://m.media-amazon.com/images/I/41ZedTzwHyL.jpg,4.5,587
B00S4RAAGA,ScreenSeven 游戏商品,游戏,ScreenSeven,50,779,游戏,12 Labours of Hercules 3: Girl Power [Download],Video Games,Amazon Reviews 2023,https://m.media-amazon.com/images/I/51SzvvMfFTL.jpg,3.9,4
B09Z7NGN6T,OLYGIVE 任天堂游戏,游戏,OLYGIVE,144,737,游戏|任天堂,"OLYGIVE Tennis Racket for Nintendo Switch Sports or Nintendo Switch OLED Joycons for Mario Tennis Aces Accessories(2-Pack,Black)",All Electronics,Amazon Reviews 2023,https://m.media-amazon.com/images/I/415mrQJG3VL.jpg,4.3,44
B07K17L2PH,Heywood 游戏商品,游戏,Heywood,225,0,游戏|PlayStation,Predator: 4-Movie Collection [Blu-ray + Digital HD],Video Games,Amazon Reviews 2023,https://m.media-amazon.com/images/I/41s8bh0xVEL.jpg,4.7,158
B08YHH5QDG,Nintendo 任天堂游戏,游戏,Nintendo,302,102,游戏|任天堂,Pokémon Shining Pearl - Nintendo Switch,Video Games,Amazon Reviews 2023,https://m.media-amazon.com/images/I/51ifVn9h0hL.jpg,4.8,7820
B0B5K4KF8J,HISPD 游戏商品,游戏,HISPD,58,169,游戏,HISPD 5V AC Adapter for Atari Flashback 4 Classic Game Console Flash Back Power Supply,All Electronics,Amazon Reviews 2023,https://m.media-amazon.com/images/I/31uIhDlCCcL._AC_.jpg,5.0,1
B01N2NBZRR,Bethesda 保护壳,游戏,Bethesda,792,70,游戏|PlayStation|保护壳,"The Elder Scrolls V: Skyrim Special Edition Dragonborn Bundle (PS4) Includes Dovahkiin Mask, Collectible Steelbook Case & Dawnguard, Hearthfire and Dragonborn Add-Ons",Video Games,Amazon Reviews 2023,https://m.media-amazon.com/images/I/51ydKCBUQpL.jpg,4.5,116
B07KPP66SN,Amazon Renewed 游戏商品,游戏,Amazon Renewed,1433,726,游戏,Gamecube Console Platinum (Renewed),Video Games,Amazon Reviews 2023,https://m.media-amazon.com/images/I/41r3CV5nlkL.jpg,4.6,311
B09QVJDVHN,Redragon 键盘,游戏,Redragon,353,851,游戏|键盘,"Redragon K552 Mechanical Gaming Keyboard RGB LED Backlit Wired with Anti-Dust Proof Switches for Windows PC (White, 87 Key Red Switches)",Computers,Amazon Reviews 2023,https://m.media-amazon.com/images/I/41tcM8tZ+OL._AC_.jpg,4.7,14504
B01MD26RTO,AFUNTA 屏幕保护膜,游戏,AFUNTA,61,144,游戏|保护膜,"Screen Protector Compatible New 3DS XL, AFUNTA 4 Pcs Tempered Glass for Top Screen and HD Clear Crystal PET Film Compatible Bottom Screen, 3DSXL Film Accessory",Computers,Amazon Reviews 2023,https://m.media-amazon.com/images/I/51jNpvZlp+L._AC_.jpg,4.2,496
B00002STR2,Psygnosis PlayStation 游戏,游戏,Psygnosis,238,551,游戏|PlayStation,Destruction Derby (Greatest Hits) - PlayStation,Video Games,Amazon Reviews 2023,https://m.media-amazon.com/images/I/41pzUlR+ZLL.jpg,3.5,12
B08MBHYVXW,Deep Silver 任天堂游戏,游戏,Deep Silver,215,788,游戏|任天堂,Metro Redux - Nintendo Switch,Video Games,Amazon Reviews 2023,https://m.media-amazon.com/images/I/51JxnwJit4L.jpg,4.5,1465
B004ZCPL26,SEGA PlayStation 游戏,游戏,SEGA,346,665,游戏|PlayStation,Captain America: Super Soldier - Playstation 3,Video Games,Amazon Reviews 2023,https://m.media-amazon.com/images/I/51qeSmNrJIL.jpg,4.2,254
B07NWGSZSJ,DURGOD 键盘,游戏,DURGOD,1001,606,游戏|键盘,"DURGOD Gaming Mechanical Keyboard with Cherry MX Silent Red Switches - 104 Key - Double Shot PBT - NKRO - USB Type C - for Gamer/Typist(Space Gray,ANSI/US)",Computers,Amazon Reviews 2023,https://m.media-amazon.com/images/I/41mG+COYg0L._AC_.jpg,4.4,609
B0BDDGXZY5,NANANINO 保护壳,游戏,NANANINO,94,197,游戏|保护壳,"Switch lite Clear Glitter Case, Switch lite Protective Case, Switch lite Soft TPU Case - Black",Video Games,Amazon Reviews 2023,https://m.media-amazon.com/images/I/41h1TXmdq8L._AC_.jpg,5.0,4
B0055BIUR4,Games For Windows 游戏商品,游戏,Games For Windows,65,872,游戏,Sengoku (PC) (CD-ROM),Video Games,Amazon Reviews 2023,https://m.media-amazon.com/images/I/51Za4hN2vWL.jpg,3.7,12
B00HN3UV88,Microsoft Xbox 游戏,游戏,Microsoft,1461,760,游戏,Microsoft Xbox Console,Video Games,Amazon Reviews 2023,https://m.media-amazon.com/images/I/41dMrDhOoSL.jpg,3.8,397
B000QYARP8,Broderbund 游戏商品,游戏,Broderbund,216,275,游戏,The Guardian Legend,Video Games,Amazon Reviews 2023,https://m.media-amazon.com/images/I/41PsTEP0f4L.jpg,3.1,36
B0B8HJ7DP2,LTC 键盘,游戏,LTC,504,937,游戏|键盘,"LTC Neon75 Wireless 75% Triple Mode BT5.0/2.4G/USB-C Hot Swappable Mechanical Keyboard, 84 Keys Bluetooth RGB Compact Gaming Keyboard with Software (Hot Swappable Red Switch, White)",Computers,Amazon Reviews 2023,https://m.media-amazon.com/images/I/41Prhcgz5PL._AC_.jpg,3.4,25
B09Q2PSYWY,Glamgen 保护壳,游戏,Glamgen,187,556,游戏|保护壳|任天堂,Glamgen Animal Crossing Carrying Cases for Nintendo Switch and Switch OLED Model,All Electronics,Amazon Reviews 2023,https://m.media-amazon.com/images/I/41C7ABJ+MpL._AC_.jpg,4.4,2
B0BHZWQFDP,STEAMFORGED GAMES LTD 游戏商品,游戏,STEAMFORGED GAMES LTD,309,348,游戏,Dark Souls: The Roleplaying Game – by Steamforged Games Ltd – D&D Books – Games for Adults and Teens – Tabletop RPG DND - Compatible with D&D 5e,Toys & Games,Amazon Reviews 2023,https://m.media-amazon.com/images/I/21EDLO2NpcL._AC_.jpg,4.2,25
B0B1GM9XH4,TiMOVO 保护壳,游戏,TiMOVO,115,194,游戏|保护壳|任天堂,"TiMOVO 24 Game Card Case for Nintendo Switch OLED 2021/Switch/Switch lite, 24 Game Holder Cartridge Case for Switch Game Cards and 24 SD Cards, Compact & Portable Game Storage Case Box, Pikachu Ball",Video Games,Amazon Reviews 2023,https://m.media-amazon.com/images/I/51wUGyMevNL.jpg,4.9,79
B0073WKJ9K,Square Enix 保护套,游戏,Square Enix,408,269,游戏,"Final Fantasy XIII-2 (Xbox 360, Limited Edition with Episode i Hardcover Novella Book)",Video Games,Amazon Reviews 2023,https://m.media-amazon.com/images/I/414Qv+r-qaL.jpg,3.7,5
B01G4KIE7A,Two Brothers Game Store 游戏商品,游戏,Two Brothers Game Store,108,386,游戏,GLASS Replacement Screen Lens for the Sega Game Gear System TBGS,Video Games,Amazon Reviews 2023,https://m.media-amazon.com/images/I/31GKhGfHjsL.jpg,4.4,24
B01HDJTTGG,Maximum Games PlayStation 游戏,游戏,Maximum Games,322,969,游戏|PlayStation,Styx: Shards of Darkness - PlayStation 4,Video Games,Amazon Reviews 2023,https://m.media-amazon.com/images/I/51gvz0uRLYL.jpg,4.3,127
B07KGK57KY,Yu-Gi-Oh! 游戏商品,游戏,Yu-Gi-Oh!,9,763,游戏,Yu-Gi-Oh! Singles - Sacred Phoenix of Nephthys - HISU-EN012 - Super Rare - 1st Edition - Hidden Summoners,Toys & Games,Amazon Reviews 2023,https://m.media-amazon.com/images/I/51zLTPmSw0S._AC_.jpg,4.8,22
B000HAFEXG,FCI 游戏商品,游戏,FCI,28,597,游戏,Lunar Pool,Video Games,Amazon Reviews 2023,https://m.media-amazon.com/images/I/41bv2Aose+L.jpg,4.5,7
B077T6QC9Q,zeabon 保护壳,游戏,zeabon,108,647,游戏|保护壳|任天堂,3Packs Protective Soft Silicone Rubber Gel Skin Case Cover for Nintendo 2DS (BU+RE+PI),Computers,Amazon Reviews 2023,https://m.media-amazon.com/images/I/41-cCNyvV4L._AC_.jpg,4.2,14
B0BBPM9J1W,2K 游戏商品,游戏,2K,432,455,游戏,PGA TOUR 2K23 Tiger Woods - PC [Online Game Code],Video Games,Amazon Reviews 2023,https://m.media-amazon.com/images/I/51hoCAmcqrL._AC_.jpg,1.0,2
B002Q4AZP8,Skinhub 任天堂游戏,游戏,Skinhub,65,601,游戏|任天堂,Pink Cherry Blossom Skin for Nintendo DSi Console,Video Games,Amazon Reviews 2023,https://m.media-amazon.com/images/I/41uoAdPX5VL.jpg,4.5,17
B08DL5HTMR,YoRHa 保护壳,游戏,YoRHa,101,829,游戏|保护壳,YoRHa Water Transfer Printing Camouflage Silicone Cover Skin Case for Microsoft Xbox One X & Xbox One S Controller x 2(Green&Dark Pink) with PRO Thumb Grips x 8,Video Games,Amazon Reviews 2023,https://m.media-amazon.com/images/I/51ycyMPZGHL.jpg,4.3,784
B0B5WZV7YQ,DESTEK 移动电源,游戏,DESTEK,216,817,游戏,"DESTEK CP3 Battery Pack Compatible with Meta/Oculus Quest 2, 5V/2A(3300mAh) High Speed Charging & Lightweight Power Bank Double Extended Playtime (3hrs) -2 Pack",All Electronics,Amazon Reviews 2023,https://m.media-amazon.com/images/I/310YBMByG5L._AC_.jpg,4.4,11
B00005A9WW,Interplay 保护壳,游戏,Interplay,118,360,游戏|保护壳,Rage of Mages Bundle (Jewel Case) - PC,Video Games,Amazon Reviews 2023,https://m.media-amazon.com/images/I/5121SKMQ9BL.jpg,3.1,6
B099WTQ8PN,eXtremeRate 保护套,游戏,eXtremeRate,72,758,游戏|任天堂,"eXtremeRate PlayVital Star Design Cute Switch Thumb Grip Caps, Light Violet & Caution Yellow Joystick Caps for Nintendo Switch Lite, Silicone Analog Cover Thumbstick Grips for Switch OLED Joycon",Computers,Amazon Reviews 2023,https://m.media-amazon.com/images/I/31CJ79fzdQL._AC_.jpg,4.7,622
B07HLQNJ5F,Electronic Arts Xbox 游戏,游戏,Electronic Arts,86,440,游戏,FIFA 19 (Xbox One),Video Games,Amazon Reviews 2023,https://m.media-amazon.com/images/I/51J2PqE-weL.jpg,4.3,263
B09TKK8GH6,eXtremeRate 任天堂游戏,游戏,eXtremeRate,288,920,游戏|任天堂,"eXtremeRate Soft Touch Grip Back Plate for Nintendo Switch Console, NS Joycon Handheld Controller Housing with Full Set Buttons, DIY Replacement Shell for Nintendo Switch - 100$ Cash Money Patterned",Video Games,Amazon Reviews 2023,https://m.media-amazon.com/images/I/51p+WLbP5IL._AC_.jpg,4.5,3804
B00BBO75M0,UIG Entertainment 游戏商品,游戏,UIG Entertainment,65,738,游戏,The Train Giant: A-Train 9 (The Ultimate Train Management Simulation!),Video Games,Amazon Reviews 2023,https://m.media-amazon.com/images/I/61K5aSNrhxL.jpg,5.0,3
B07SXMV8LY,Modus Xbox 游戏,游戏,Modus,36,67,游戏,Cris Tales (XB1) - Xbox One and Xbox Series X,Video Games,Amazon Reviews 2023,https://m.media-amazon.com/images/I/51uBOq2BASS.jpg,4.6,34
B08GSR9GPM,SADES 键盘,游戏,SADES,360,954,游戏|键盘,"SADES Mechanical Gaming Keyboard, Blue Switches 104 Keys Mechanical Gaming Keyboard,Wired USB White LED Backlit Cute Computer Keyboard, Pink Mechanical Gaming Keyboard for PC/Laptop(White Pink)",Computers,Amazon Reviews 2023,https://m.media-amazon.com/images/I/41VF7F2PbBL._AC_.jpg,4.5,265
B00006B84Z,CH Products 游戏商品,游戏,CH Products,1067,897,游戏,CH Products Pro Throttle USB,All Electronics,Amazon Reviews 2023,https://m.media-amazon.com/images/I/41w0g8RH28L._AC_.jpg,4.2,231
B089LYVJC9,eXtremeRate 任天堂游戏,游戏,eXtremeRate,103,175,游戏|任天堂,"eXtremeRate Black D-pad ABXY Keys SR SL L R ZR ZL Trigger Buttons Springs, Replacement Full Set Buttons Fix Kits for Nintendo Switch & Switch Oled Joycon (D-pad ONLY Fits Joycon D-pad Shell)",Video Games,Amazon Reviews 2023,https://m.media-amazon.com/images/I/319Rfx+KA-L._AC_.jpg,4.6,910
B003QCJLRM,Majesco 任天堂游戏,游戏,Majesco,172,534,游戏|任天堂,Zumba Fitness - Nintendo Wii,Video Games,Amazon Reviews 2023,https://m.media-amazon.com/images/I/51NnjFilKCL.jpg,4.2,1790
B083L54WLC,NSLikey 数据线,游戏,NSLikey,64,636,游戏|数据线|任天堂,NSLikey ZL ZR L SL SR Button Ribbon Flex Cable Replacement for Nintendo Switch Joy-Con Controller Repair Kit (L ZL ZR),Computers,Amazon Reviews 2023,https://m.media-amazon.com/images/I/31H2Vo88HFL._AC_.jpg,3.9,12
B086J1Z12V,Deal4GO Xbox 游戏,游戏,Deal4GO,130,456,游戏,Deal4GO ON/Off Eject SYNC Bind Power Button Switch RF Board w/Bluetooth Module Replacement for Xbox One Slim Console 1681 M1019684-001 X948682-001,Computers,Amazon Reviews 2023,https://m.media-amazon.com/images/I/41tn-1LVzML._AC_.jpg,4.4,242
B00844P856,Electronic Arts 游戏商品,游戏,Electronic Arts,165,593,游戏,Madden NFL 13 PS3,Video Games,Amazon Reviews 2023,https://m.media-amazon.com/images/I/61zzEji42rL.jpg,3.9,63
B0042QXZYQ,Strategy First 游戏商品,游戏,Strategy First,73,260,游戏,Strategy First COMBATMIS2BER Combat Mission 2 - Barbarossa to Berlin,Video Games,Amazon Reviews 2023,https://m.media-amazon.com/images/I/612K2yQaoqL.jpg,4.0,15
B01H9W5SMG,NBgame Xbox 游戏,游戏,NBgame,43,937,游戏,Bumpers Triggers Buttons Dpad LB RB LT RT for Xbox One Elite Controller Chrome Red,Computers,Amazon Reviews 2023,https://m.media-amazon.com/images/I/31SKZsQvl4L._AC_.jpg,3.8,66
B0040JBVOQ,iShoppingdeals 保护套,游戏,iShoppingdeals,100,255,游戏|任天堂,iShoppingdeals - Pink Soft Silicone Skin Cover for Nintendo Wii Fit Balance Board,Video Games,Amazon Reviews 2023,https://m.media-amazon.com/images/I/31vpI+3I4OL.jpg,4.4,6
B0B4VHJLKZ,Anker 游戏商品,游戏,Anker,166,245,游戏,"Anker Head Starp Compatible with Oculus Quest 2, Easily Switch Between Virtual and Reality, Adjustable Size for Using",Cell Phones & Accessories,Amazon Reviews 2023,https://m.media-amazon.com/images/I/21jI67EWbbL._AC_.jpg,4.7,30
B002OHDFTU,THQ 游戏商品,游戏,THQ,287,359,游戏,WWE Smackdown vs. Raw 2010,Video Games,Amazon Reviews 2023,https://m.media-amazon.com/images/I/51qeykMcgQL.jpg,4.1,50
B08J6ZCZ11,LightPro 保护套,游戏,LightPro,72,756,游戏|任天堂,"LightPro Animal Crossing Thumb Grip Caps Joystick Cap for Nintendo Switch Joy-Con and Switch Lite Controller, Cute Cat Paw Soft Silicone Consolo Analog Stick Covers-Green&Blue",Computers,Amazon Reviews 2023,https://m.media-amazon.com/images/I/41xioi-J00L._AC_.jpg,4.7,1745
B0B2PPXNSV,innoAura 屏幕保护膜,游戏,innoAura,173,300,游戏|保护壳|保护膜,"Switch OLED Accessories Bundle- innoAura 18 in 1 Switch Bundle with Switch Case, Switch Game Case, Switch OLED Screen Protector, Switch Stand, Switch Thumb Grips (Gray)",All Electronics,Amazon Reviews 2023,https://m.media-amazon.com/images/I/51uRo-UUANL._AC_.jpg,4.7,537
B00QJC9XJC,SEGA 游戏商品,游戏,SEGA,108,540,游戏,Total War Rome 2: Wrath of Sparta [Online Game Code],Video Games,Amazon Reviews 2023,https://m.media-amazon.com/images/I/51dtt2fscZL.jpg,4.0,3
B07XD6HVDR,Nintendo 任天堂游戏,游戏,Nintendo,215,469,游戏|任天堂,Nintendo Amiibo - Simon - Super Smash Bros. Series - Switch,Video Games,Amazon Reviews 2023,https://m.media-amazon.com/images/I/51BOJFWpY5L.jpg,4.7,513
B00002STFM,Crave Entertainment 任天堂游戏,游戏,Crave Entertainment,432,802,游戏|任天堂,Flying Dragon - Nintendo 64,Video Games,Amazon Reviews 2023,https://m.media-amazon.com/images/I/314gj7OJgAL.jpg,4.2,27
B09CGQ2612,Rinbers 保护套,游戏,Rinbers,79,555,游戏|任天堂,Rinbers 3D Analog Joystick Button Control Thumb Stick with Thumbstick Circle Pad Cover Cap Replacement for Nintendo New 3DS New 3DS XL LL New 2DS XL,Video Games,Amazon Reviews 2023,https://m.media-amazon.com/images/I/21mPZtduhPL.jpg,4.0,13
B00GLAUONG,WraptorSkinz 任天堂游戏,游戏,WraptorSkinz,108,479,游戏|任天堂,Triangle Mosaic Green - WraptorSkinz Decal Style Vinyl Skin Compatible With Nintendo 2DS (2DS NOT INCLUDED),Video Games,Amazon Reviews 2023,https://m.media-amazon.com/images/I/41TrX1691lL.jpg,5.0,2
B09T5KH6MD,Amazon Renewed 耳机,游戏,Amazon Renewed,2880,331,游戏|耳机,Meta Quest 2 - Advanced All-In-One Virtual Reality Headset - 256 GB (Renewed Premium),Video Games,Amazon Reviews 2023,https://m.media-amazon.com/images/I/31zeRB5YWuL.jpg,4.5,4144
B09P2B6VSS,Maximum Games 游戏商品,游戏,Maximum Games,130,642,游戏|PlayStation,Vampire: The Masquerade - Swansong (PS4),Video Games,Amazon Reviews 2023,https://m.media-amazon.com/images/I/41qL-fFRY6L.jpg,4.0,71
B075R9ML5Y,Square Enix 任天堂游戏,游戏,Square Enix,324,762,游戏|任天堂,MXGP 3: The Official Motocross Videogame - Nintendo Switch,Video Games,Amazon Reviews 2023,https://m.media-amazon.com/images/I/515DJn91N8L.jpg,4.2,291
B08DKQZXTT,YoRHa 保护壳,游戏,YoRHa,86,276,游戏|保护壳,YoRHa Thickened Rubber Silicone Cover Skin Case 3D Letters Massage Grip for Xbox One S/X Controller x 1(Black&Green) with PRO Thumb Grips x 8,Video Games,Amazon Reviews 2023,https://m.media-amazon.com/images/I/412Z7yEI-wL.jpg,4.4,1361
B07QD2HK7B,Amazon Renewed PlayStation 游戏,游戏,Amazon Renewed,360,761,游戏|PlayStation,DualShock 4 Wireless Controller for PlayStation 4 - Midnight Blue (Renewed),Video Games,Amazon Reviews 2023,https://m.media-amazon.com/images/I/41PgHoHUZLL.jpg,4.0,283
B09FJKX8ZS,Mcbazel 保护壳,游戏,Mcbazel,86,322,游戏|保护壳|数据线,"Mcbazel Dust Cover for Xbox Series S Console, Easy Access Cable Port, Protective Case Cover Waterproof for Xbox Series S Game Console - Black",Cell Phones & Accessories,Amazon Reviews 2023,https://m.media-amazon.com/images/I/41ZenjiOjvL._AC_.jpg,4.3,192
B09G6L51WP,Electronic Arts 游戏商品,游戏,Electronic Arts,108,668,游戏,FIFA 22 Ultimate Team 1600 Points – PC Origin [Online Game Code],Video Games,Amazon Reviews 2023,https://m.media-amazon.com/images/I/41+seMG4IDL.jpg,3.3,5
B005G4CSSC,Encore 游戏商品,游戏,Encore,144,104,游戏,Mumbojumbo Premium Pack,Software,Amazon Reviews 2023,https://m.media-amazon.com/images/I/619LtxtfOZL._AC_.jpg,3.1,11
B09JY72CNG,Razer 鼠标垫,游戏,Razer,432,830,游戏|鼠标,"Razer Goliathus Extended Chroma Gaming Mouse Pad: Customizable Chroma RGB Lighting - Soft, Cloth Material - Balanced Control & Speed - Non-Slip Rubber Base - Mercury White",Computers,Amazon Reviews 2023,https://m.media-amazon.com/images/I/31aKKgXy8RL._AC_.jpg,4.8,11426
B009GE437W,Nintendo 任天堂游戏,游戏,Nintendo,497,488,游戏|任天堂,"Remote Plus, Mario - Nintendo Wii",Video Games,Amazon Reviews 2023,https://m.media-amazon.com/images/I/41tnoXxZs7L.jpg,4.5,5373
B0BTJ92NRK,EVORETRO 任天堂游戏,游戏,EVORETRO,252,375,游戏|保护膜|任天堂,"Video Game NES Classic Cartridge Protector Compatible with Nintendo NES Games Cartridge - 0.40MM Thick, Anti-Dust Acid-Free Clear PET NES Classic Edition Video Games Protector by EVORETRO (Pack of 25)",Video Games,Amazon Reviews 2023,https://m.media-amazon.com/images/I/41OYv1UZXPL.jpg,4.6,199
B086PJCTS5,Mount Plus Xbox 游戏,游戏,Mount Plus,252,88,游戏,"Mount Plus DVD-30X2 2 Pack Floating Wall Mount Tempered Glass Shelf for DVD Player, Audio, Streaming Devices, Gaming Consoles(PS 4, PS 5, Xbox Series X, Xbox 360, Xbox One)",All Electronics,Amazon Reviews 2023,https://m.media-amazon.com/images/I/31Dy9Xa9qBL._AC_.jpg,4.2,85
B01DJWX23C,Skinhub Xbox 游戏,游戏,Skinhub,94,160,游戏,Dark Souls 3 Game Skin for Xbox One Console,Video Games,Amazon Reviews 2023,https://m.media-amazon.com/images/I/41oZyukJGyL.jpg,5.0,5
B0086VPUHI,Rockstar Games Xbox 游戏,游戏,Rockstar Games,108,549,游戏,Grand Theft Auto V: Premium Edition - Xbox One [Digital Code],Video Games,Amazon Reviews 2023,https://m.media-amazon.com/images/I/51cgakMTm-S.jpg,4.6,858
B01EY9IS2O,ACTIVISION Xbox 游戏,游戏,ACTIVISION,504,631,游戏,Call of Duty Modern Warfare Collection - Xbox 360,Video Games,Amazon Reviews 2023,https://m.media-amazon.com/images/I/51UaGuMv3+L.jpg,4.6,959
B08P9NQ1T2,Centeni 充电器,游戏,Centeni,108,510,游戏|充电器|PlayStation,"PS5 Controller Charger Station, PS5 Charging Station with Fast Charging 2nd Generation Compatible with Sony Playstation 5 DualSense Controller Charging Station",Video Games,Amazon Reviews 2023,https://m.media-amazon.com/images/I/4134x2rXLDL.jpg,4.5,17
B0B6HPDH51,SteelSeries 鼠标垫,游戏,SteelSeries,94,552,游戏|鼠标,SteelSeries QcK Gaming Surface - Medium Thick Cloth - Mouse Pad of All Time - Peak Tracking and Stability - Black,Computers,Amazon Reviews 2023,https://m.media-amazon.com/images/I/31YFFMacT8L._AC_.jpg,4.7,4851
B01GMDD1VS,skinhub 任天堂游戏,游戏,skinhub,65,807,游戏|任天堂,MonHun Generations MHX Cross Game Skin for Nintendo 3DS XL Console,Video Games,Amazon Reviews 2023,https://m.media-amazon.com/images/I/51YYj5fPB-L.jpg,4.5,9
B001S28Q4Q,Alliance 办公商品,办公,Alliance,19,530,办公,"Alliance Rubber 07706 Non-Latex Brites File Bands, Colored Elastic Bands, 1.5 oz Pic Pac Dispenser (Assorted Bright Colors and Sizes)",Office Products,Amazon Reviews 2023,https://m.media-amazon.com/images/I/51ON9HgdplL._AC_.jpg,4.5,665
B07RPQVH21,Chneeu 订书机,办公,Chneeu,101,110,办公,"10 Set Mini Office Stapler with 10# Staples, Small Hand Stapler Portable Desktop Stapler Student Stapler",Office Products,Amazon Reviews 2023,https://m.media-amazon.com/images/I/51-+FNCSI6L._AC_.jpg,3.3,186
B07J58B87Q,Creanoso 办公商品,办公,Creanoso,72,294,办公,"Creanoso Humorous Sayings Bookish Bookmarks for Men & Women (30-Pack) –– Stocking Stuffers Gift for Bibliophiles, Book Worms, Book Lovers – Party Supplies – Book Clubs Reading",Office Products,Amazon Reviews 2023,https://m.media-amazon.com/images/I/51e-oJMFlXL._AC_.jpg,4.6,100
B098NQ685V,PenPower 办公商品,办公,PenPower,1073,162,办公,PenPower WorldPen Scan Go | OCR Reading Pen with Text to Speech | Pen Scanner for Data Input | Pen Translator for Second Language Learners| Wireless Standalone | LCD Touchscreen | Wi-Fi Connection,All Electronics,Amazon Reviews 2023,https://m.media-amazon.com/images/I/41PhzLJzHqL._AC_.jpg,3.9,296
B00URTWH7S,My Charity Boxes 办公商品,办公,My Charity Boxes,252,309,办公,Tall Tin Charity Donation Coin Collection Box Tip Container Can Ticket & Suggestion Box(5 Pack),Tools & Home Improvement,Amazon Reviews 2023,https://m.media-amazon.com/images/I/31UUttXbpQL._AC_.jpg,4.4,4
B018WY6OSW,Sharp 计算器,办公,Sharp,89,100,办公|计算器,3 Pack Sharp EL233SB Standard Function Battery Operated Calculator,All Electronics,Amazon Reviews 2023,https://m.media-amazon.com/images/I/517mMvzaeqL._AC_.jpg,5.0,8
B001DZWCDO,LD Products 办公商品,办公,LD Products,188,880,办公,LD Products Compatible Toner Cartridge Replacement for Samsung ML-2850 Series ML-D2850B High Yield (Black),All Electronics,Amazon Reviews 2023,https://m.media-amazon.com/images/I/41b3oeMNAZS._AC_.jpg,3.9,78
B09ZV1LFFX,LATEEFAH 键盘,办公,LATEEFAH,166,965,办公|保护膜|键盘|鼠标,"Lateefah Large Mouse Pad and Keyboard Wrist Rest, Desk Pad for Keyboard and Mouse, 4-in-1 Extended Mouse Pad with Wrist Support, Non-Slip Desk Mat Protector, Ultra Thick Desk Blotter for Office, Home",Office Products,Amazon Reviews 2023,https://m.media-amazon.com/images/I/612no1O6N3L._AC_.jpg,4.7,662
1976289823,V Bookmarks Design (Author) 办公商品,办公,V Bookmarks Design (Author),50,188,办公,30 Halloween to Color DIY Bookmarks: Happy Halloween Coloring Bookmarks,Books,Amazon Reviews 2023,"https://m.media-amazon.com/images/I/51j7L9TJFQL._SX322_BO1,204,203,200_.jpg",4.4,6
B0041BSEFC,Global Industrial 办公商品,办公,Global Industrial,3897,524,办公,"Global Industrial 37"" W Media Cabinet, 4 Drawer, Putty",Amazon Home,Amazon Reviews 2023,https://m.media-amazon.com/images/I/31fl0wEocKL._AC_.jpg,3.0,1
B09BZBHHZ7,RAUEDWDJS 键盘,办公,RAUEDWDJS,151,139,办公|键盘|鼠标,"Keyboard Wrist Rest Pad with Round Mousepad, Ergonomic Wrist Rest Support Gel Pad with Coasters Keyboard Wrist Pad, Pain Relief Memory Foam Set for Gaming & Laptop & Office, Blue Glitter",Office Products,Amazon Reviews 2023,https://m.media-amazon.com/images/I/51RVdYr3qiL._AC_.jpg,3.9,12
B0BKPYT144,MILEKO 办公商品,办公,MILEKO,258,999,办公,127 127XL T127 Remanufactured Ink cartridges for Epson T127 127 XL Ink Cartridge to use for Workforce 545 845 645 WF-3540 WF-3520 WF-7010 WF-7510 WF-7520 NX530 NX625 Printer (5 Pack),All Electronics,Amazon Reviews 2023,https://m.media-amazon.com/images/I/51Lo13y8PfL._AC_.jpg,4.5,28
B0B6QVDF6Q,AVERY 办公商品,办公,AVERY,59,232,办公,"Avery Printable Blank Square Labels, 2"" x 2"", Matte White, 120 Customizable Labels (22816)",Office Products,Amazon Reviews 2023,https://m.media-amazon.com/images/I/41+77+UiqAS._AC_.jpg,4.8,4541
B0082C6K0M,Maped Helix USA 办公商品,办公,Maped Helix USA,62,792,办公,"Maped Boogy 2 Hole Sharpener, Assorted Colors (062210US)",Office Products,Amazon Reviews 2023,https://m.media-amazon.com/images/I/41ztADL4AlS._AC_.jpg,4.7,496
B00YQAP7BW,Little Notes by Comptime 办公商品,办公,Little Notes by Comptime,115,555,办公,We've Moved - Moving Cards (24 Cards and Envelopes),Office Products,Amazon Reviews 2023,https://m.media-amazon.com/images/I/31ElIRtGQPL._AC_.jpg,4.5,77
B099DFSBJK,Reilly Originals 办公商品,办公,Reilly Originals,72,583,办公,"Reilly Originals 2x5 Inch Do not Ring Bell or Knock Sign ~ Ready to Stick ~ Premium, Durable",Amazon Home,Amazon Reviews 2023,https://m.media-amazon.com/images/I/31rbGNIMzzL._AC_.jpg,4.6,165
B08BC63XHN,Sproutbrite 办公商品,办公,Sproutbrite,93,427,办公,"Sproutbrite Classroom Welcome Decorations - Inspirational Posters and Banners for Teachers - Bulletin Board and Wall Decor for Pre School, Elementary and Middle School",Amazon Home,Amazon Reviews 2023,https://m.media-amazon.com/images/I/51+3xNnBIdL._AC_.jpg,4.8,387
B0B1BVCJLP,bonsaii 办公商品,办公,bonsaii,389,134,办公,"Bonsaii 12-Sheet Cross Cut Paper Shredder, 5.5 Gal Home Office Heavy Duty Shredder for Paper, Credit Card, Mails, Staples, with Transparent Window, High Security Level P-4 (C275-A)",All Electronics,Amazon Reviews 2023,https://m.media-amazon.com/images/I/31eEj2tyFPL._AC_.jpg,4.5,475
B0B4PK94PV,Besitek 办公商品,办公,Besitek,166,328,办公,"Honeycomb Packing Paper Wrap 15""x200' Sustainable Alternative to Bubble Cushioning Wrap for Moving/shipping/packing Roll with 20 Fragile Sticker Biodegradable & Fully Recylable",Tools & Home Improvement,Amazon Reviews 2023,https://m.media-amazon.com/images/I/51qHrmruBYL._AC_.jpg,4.5,292
B0C36Q7PM4,Amazon Basics 办公商品,办公,Amazon Basics,61,713,办公,"Amazon Basics Multipurpose Copy Printer Paper, 8.5 x 11 Inch 20Lb Paper - 1 Ream (500 Sheets), 92 GE Bright White",Office Products,Amazon Reviews 2023,https://m.media-amazon.com/images/I/41dLqWTBoYL._AC_.jpg,4.8,135510
B00F5N99MC,Midori 办公商品,办公,Midori,92,996,办公,"Midori Shachihata Twin Pencil Sharpener Kezuri Cap, Blue (ZKC-W1/H)",Office Products,Amazon Reviews 2023,https://m.media-amazon.com/images/I/41DHC1nqE8L._AC_.jpg,4.4,96
B0BGBQMQ17,Flash Furniture 办公商品,办公,Flash Furniture,252,887,办公,"Flash Furniture Comerford 3 Piece Metal and Wood Organizer Set - Black Metal and Rustic Wood - For Desktop, Countertop, or Vanity",Office Products,Amazon Reviews 2023,https://m.media-amazon.com/images/I/31J93fuIgBL._AC_.jpg,5.0,1
B078L1SV11,BeneAlways 办公商品,办公,BeneAlways,112,113,办公,BeneAlways Metal Bookmark – Perfect Gift for Book Lovers (Silver Feather + Butterfly),Office Products,Amazon Reviews 2023,https://m.media-amazon.com/images/I/41kEvGPAwGL._AC_.jpg,5.0,3
B07SRJNHPR,WhiteCoat Clipboard 办公商品,办公,WhiteCoat Clipboard,237,352,办公,WhiteCoat Clipboard® - Coral Physical Therapy Edition,Office Products,Amazon Reviews 2023,https://m.media-amazon.com/images/I/51a9bYEghLL._AC_.jpg,4.8,54
B00QJ5P1CM,LD Products 办公商品,办公,LD Products,466,79,办公,"LD Compatible Toner Cartridge Replacement for Samsung MLT-D111S (Black, 3-Pack)",All Electronics,Amazon Reviews 2023,https://m.media-amazon.com/images/I/51vaLemCn6L._AC_.jpg,5.0,2
B0936D45RM,NGOODIEZ 办公商品,办公,NGOODIEZ,230,0,办公,"NGOODIEZ DTF Transfer Film, Double-Sided Heat Transfer Film, Matte Direct to Film Sheets, A3 Size, 25 Sheets, 11.7"" x 16.5""","Arts, Crafts & Sewing",Amazon Reviews 2023,https://m.media-amazon.com/images/I/51qHj13knoS._AC_.jpg,4.1,107
B08QJQBLRZ,Emraw 办公商品,办公,Emraw,94,917,办公|保护膜,"Dry Erase Pockets Sheet Protectors Reusable Plastic Sleeves Environment Friendly Great for Teacher, School, Classroom, Office or Home (Pack of 5) by - Emraw",Office Products,Amazon Reviews 2023,https://m.media-amazon.com/images/I/51W1uaVKabL._AC_.jpg,4.4,56
B07SV57JFF,SignMission 办公商品,办公,SignMission,66,860,办公,"WOODSTOCK Street Sign hippie peace 60's signs New | Indoor/Outdoor | 24"" Wide Plastic Sign",Office Products,Amazon Reviews 2023,https://m.media-amazon.com/images/I/418sGaZzixL._AC_.jpg,4.7,12
B00138ADSM,Panasonic 办公商品,办公,Panasonic,1080,486,办公,"Panasonic Dect 6.0 Expandable Digital Cordless Phone - Dual Handset System (KX-TG6312S),Silver",All Electronics,Amazon Reviews 2023,https://m.media-amazon.com/images/I/41OaXSJ93zL._AC_.jpg,3.6,46
B008W31ZLU,Inkjetcorner 办公商品,办公,Inkjetcorner,72,627,办公,Inkjetcorner Compatible Ink Cartridges Replacement for PGI-220 CLI-221 for use with MP620 MP560 MX860 MX870 iP4600 iP4700 (5 Pack),All Electronics,Amazon Reviews 2023,https://m.media-amazon.com/images/I/41MZr3FXV-L._AC_.jpg,4.4,168
B09XR3H113,Chinco 办公商品,办公,Chinco,86,602,办公,Chinco 12 Pieces Mini Unicorn Dinosaur Pen Multicolor Unicorn Dinosaur Ballpoint Pen Retractable Gel Ink Unicorn Dinosaur Pen Shuttle Pen for Kid Office School Valentine Party Favor (Dinosaur Style),Office Products,Amazon Reviews 2023,https://m.media-amazon.com/images/I/51s6IaZdoJL._AC_.jpg,4.5,345
B07PQ78QR2,LCL 办公商品,办公,LCL,243,707,办公,LCL Remanufactured Toner Cartridge Replacement for Samsung MLT-D118L D118L 118L High Yield M3015DW M3065FW M3168DWF (1-Pack Black),All Electronics,Amazon Reviews 2023,https://m.media-amazon.com/images/I/41tblT8V16L._AC_.jpg,4.5,19
B089SHQY31,JAKAGO 保护壳,办公,JAKAGO,209,900,办公|保护壳,"JAKAGO 304 Slots Pencil Case Large Capacity Gel Pen Case, Multi-Functional Organizer for Colored Pencils/Gel Pens/Markers/Makeup Brushes Stationery Pencil Pouch bag(Wave Blue)",办公,Amazon Reviews 2023,https://m.media-amazon.com/images/I/61OQeIMBYdL._AC_.jpg,4.7,304
B0163ID5Q8,"Mitsubishi Pencil Co., Ltd. 办公商品",办公,"Mitsubishi Pencil Co., Ltd.",30,344,办公,2 X Uni Mechanical Pencil Eraser Refill S (SKS),Office Products,Amazon Reviews 2023,https://m.media-amazon.com/images/I/41zW+ZYCSIL._AC_.jpg,4.1,154
B00ZAS4GAC,Renewable Toner 办公商品,办公,Renewable Toner,468,441,办公,Renewable Toner Compatible Toner Cartridge Replacement for Xerox 106R01486 106R1486 WorkCentre 3210 3220,Office Products,Amazon Reviews 2023,https://m.media-amazon.com/images/I/41Xa622LDcL._AC_.jpg,4.7,5
B07R51VM88,JuneLsy 保护壳,办公,JuneLsy,50,707,办公|保护壳,JuneLsy Business Card Holder Case - Professional PU Leather Business Card Case Metal Name Card Holder Pocket Business Card Carrier for Men & Women with Magnetic Shut (BlackDM),办公,Amazon Reviews 2023,https://m.media-amazon.com/images/I/41fRzg2AboS._AC_.jpg,4.8,5558
B0BLXZ1NKY,Flash Furniture 办公商品,办公,Flash Furniture,775,738,办公,Flash Furniture Bradley Vibrant Orange and Chrome Drafting Stool with Tractor Seat,Amazon Home,Amazon Reviews 2023,https://m.media-amazon.com/images/I/417WoL5rC5L._AC_.jpg,4.3,5422
B00MNM5R6U,Accent Printing & Signs 办公商品,办公,Accent Printing & Signs,152,201,办公,Maserati Checkered Logo Auto Dealer Banner Flag Sign,Office Products,Amazon Reviews 2023,https://m.media-amazon.com/images/I/41YEFjbRLKL._AC_.jpg,5.0,1
B0BNG1VGCL,Beiz Houseware 办公商品,办公,Beiz Houseware,144,884,办公,"BeizHouseware Desk File Organizer and Accessories Storage, 4 Tier Desk Paper Tray Organizer for Letter/A4, Desktop Organization for Office, Workspace, Dorm to Collect Office Supplies (Black)",Amazon Home,Amazon Reviews 2023,https://m.media-amazon.com/images/I/51chUbhIS4L._AC_.jpg,4.4,67
B075VNFGBH,Ancicraft 保护壳,办公,Ancicraft,216,490,办公|保护壳,Ancicraft Pencil Case Fountain Pen Pouch Holder Leather Cell Phone Bag For School Office Men Women Multi-function (Dark Coffee),Office Products,Amazon Reviews 2023,https://m.media-amazon.com/images/I/414EK4qlP9L._AC_.jpg,5.0,12
B0BFXX2V21,DYMO 办公商品,办公,DYMO,218,212,办公,"DYMO Label Maker, LetraTag 100H Handheld Label Maker, Easy-to-Use, 13 Character LCD Screen, Great for Home & Office Organization",Office Products,Amazon Reviews 2023,https://m.media-amazon.com/images/I/51f7ikEm4eL._AC_.jpg,4.7,51580
B07BS9H579,Flexzion 保护壳,办公,Flexzion,202,900,办公|保护壳,Flexzion Natural Wooden Desktop Shelf Wood Caddy Desk Organizer Set Office Storage Adjustable Expandable Tabletop Accessory Sorter Bookcase Display Stand Rack (Beige),Office Products,Amazon Reviews 2023,https://m.media-amazon.com/images/I/51j3HxURSML._AC_.jpg,4.2,86
B081228WDG,Fun Express 办公商品,办公,Fun Express,58,601,办公,Fun Express Very Hungry Caterpillar Bb Cutouts - 48 Pieces - Educational and Learning Activities for Kids,Office Products,Amazon Reviews 2023,https://m.media-amazon.com/images/I/514njxE2zqL._AC_.jpg,5.0,9
B077HTQYSB,PAG 办公商品,办公,PAG,130,430,办公,"PAG Desktop File Organizer Metal Stackable Letter Tray Paper Holder Rack, 2 Pack, White",Office Products,Amazon Reviews 2023,https://m.media-amazon.com/images/I/41kLV94QqhL._AC_.jpg,4.6,1466
B09PK4J3DG,Generic 办公商品,办公,Generic,94,656,办公,"Protective Comic Book Storage Box Designed with Water-Resistant Linen Fabric - This Sturdy Navy Comic Box 15.5""X7.5""X11.3"" Holds upto 175 Comics; Fully-sealed Comic Book Bin",Tools & Home Improvement,Amazon Reviews 2023,https://m.media-amazon.com/images/I/51Z0TuxElSL._AC_.jpg,4.3,43
B08MWWR2SX,MV Magna Visual 办公商品,办公,MV Magna Visual,108,516,办公,"Magna Visual 1"" x 3"" Green Pre-Cut Write On Wipe Off Magnetic Strips 25 Pack",Office Products,Amazon Reviews 2023,https://m.media-amazon.com/images/I/41DYkMkZfML._AC_.jpg,4.5,262
B07D8D6B8C,Generic 办公商品,办公,Generic,158,552,办公,"Laminated Illustrated Periodic Table of the Elements Educational Chart Poster Print, 36x24",Amazon Home,Amazon Reviews 2023,https://m.media-amazon.com/images/I/61Qla4waPkL._AC_.jpg,4.5,33
B0B335ZKXX,Harry Potter 办公商品,办公,Harry Potter,180,313,办公,"Harry Potter Herbology Stationery Set in Letter Box - Includes Cards, Paper, Envelopes, Stickers & Quill Pen - Vintage Style Illustrations - Officially Licensed - Gift for Kids, Teens & Adults",Office Products,Amazon Reviews 2023,https://m.media-amazon.com/images/I/41OttRnGHhL._AC_.jpg,5.0,11
B00H9N1PHI,Sewline 办公商品,办公,Sewline,81,397,办公,Sewline Fabric Pencil Lead Refill .09mm Pkg of 6,"Arts, Crafts & Sewing",Amazon Reviews 2023,https://m.media-amazon.com/images/I/31WnKdAaBbL._AC_.jpg,4.7,14
B08MCW3NGB,ChaoQ 办公商品,办公,ChaoQ,43,347,办公,"Black Ink Refills (6pcs), Replaceable Ballpoint Pen Refills, 1mm Medium Tip - Black",Office Products,Amazon Reviews 2023,https://m.media-amazon.com/images/I/41ah5PrrSgL._AC_.jpg,4.6,2612
B00006B7UW,3M 办公商品,办公,3M,525,852,办公,"3M Adjustable Document Copy Holder, In-line with Monitor Minimizing Head and Neck Movement, 300 Sheet Capacity Holds Sheets to Books, Elastic Line Guide Keeps Pages Open, 18"" Wide, Black (DH640)",Office Products,Amazon Reviews 2023,https://m.media-amazon.com/images/I/31TCG4kjsEL._AC_.jpg,4.4,177
B08F62ZKQC,ACCO 办公商品,办公,ACCO,326,972,办公,"Acco ACC16044 Pressboard 25-Point Classification Folders, Lgl, 4-Section",Office Products,Amazon Reviews 2023,https://m.media-amazon.com/images/I/41oZl3nsYWL._AC_.jpg,4.5,125
B07H3WWK1H,AUVCAS 办公商品,办公,AUVCAS,101,210,办公,"VNOM Fabric Over Door Document Organizer Hanging Wall File Organizer Wall Mounted Folder Storage Holder for Office Classroom Home,4 Large Cascading Pockets,2 Over Door Hooks Included,Black Polka Dot",Office Products,Amazon Reviews 2023,https://m.media-amazon.com/images/I/41TiNJ6WKLL._AC_.jpg,4.5,186
B00F63EYUI,Office Depot 办公商品,办公,Office Depot,96,623,办公,"Office Depot White Inkjet/Laser Return Address Labels, 2/3in. x 1 3/4in., Pack Of 1,500, 505-O004-0015",Office Products,Amazon Reviews 2023,https://m.media-amazon.com/images/I/410BzTZbudL._AC_.jpg,5.0,8
B08N16YBNM,YQMHW 鼠标垫,办公,YQMHW,93,149,办公|鼠标,This is Fine Dog Fire Funny Meme Mouse Pad Non-Slip Gaming Mouse Pad with Stitched Edge Computer Pc Mousepad Rubber Base for Office Home,Computers,Amazon Reviews 2023,https://m.media-amazon.com/images/I/41GXyV-QhML._AC_.jpg,4.6,351
B019EAGLSQ,911Pens 办公商品,办公,911Pens,1479,68,办公,"USA Made, Personalized Writing Ink Ballpoint Novelty Pens, Custom Printed with Your Logo & Text (Pack of 250 White Pens with Dark Blue Trim)",Office Products,Amazon Reviews 2023,https://m.media-amazon.com/images/I/41aXh5b8fxL._AC_.jpg,4.2,90
B0B75FT7J1,ECR4Kids 办公商品,办公,ECR4Kids,432,932,办公,"ECR4Kids 18in x 36in Magnetic Dry-Erase Glass Board and 4 Neodymium Rare Earth Magnets Set, Wall-Mounted White Board, Frameless Tempered Glass Board for Office - Botanical",Industrial & Scientific,Amazon Reviews 2023,https://m.media-amazon.com/images/I/21rQq5mcy6L._AC_.jpg,3.9,21
B08FCDKP6V,ABEL 办公商品,办公,ABEL,130,273,办公,"ABEL SimpleWork Desktop Tape Dispenser, Aqua, 1 in Core, Non-Skid Weighted Base, Tape Cutter for Office, Home, School, and Crafts",Office Products,Amazon Reviews 2023,https://m.media-amazon.com/images/I/31bYhB9J7PL._AC_.jpg,4.8,212
B0B6SWQXC9,Mi Metty 办公商品,办公,Mi Metty,29,367,办公,"Mi Metty Magnetic Clips, Metal Clips, Refrigerator Whiteboard Wall Magnetic Memo Note Clip,Colored Magnetic Metal Clips for Clipping Photos,Pictures.… (4 Pack Black, 4 Pack)",Office Products,Amazon Reviews 2023,https://m.media-amazon.com/images/I/41SanR7qqmL._AC_.jpg,4.5,678
B002AYY5AA,LINKYO 办公商品,办公,LINKYO,94,910,办公,"LINKYO Compatible Toner Cartridge Replacement for Brother TN650 TN-650 TN620 (Black, High Yield)",All Electronics,Amazon Reviews 2023,https://m.media-amazon.com/images/I/514y9AEfb4L._AC_.jpg,4.2,232
B09YG6FC71,LESHIRY 鼠标垫,办公,LESHIRY,72,182,办公|鼠标,"Mouse Pad, Round Mandala Mouse Mat, Non-Slip Rubber Base Mousepad with Stitched Edge, Waterproof Office Mouse Pad, Small Floral Mouse Mat (Mandala 3Pack)",Office Products,Amazon Reviews 2023,https://m.media-amazon.com/images/I/61VNTpl2QFL._AC_.jpg,4.7,3299
B00R8K91BY,Universal Office Products 办公商品,办公,Universal Office Products,289,579,办公,"Universal 00133 Rubber Bands, Size 33, 3-1/2 x 1/8, 640 Bands/1lb; 10-Pack",Office Products,Amazon Reviews 2023,https://m.media-amazon.com/images/I/41-5aC93KbL._AC_.jpg,4.4,9
B01BO4AXTS,Greg & Steve 办公商品,办公,Greg & Steve,104,242,办公,Greg & Steve Productions YM-001CD Greg & Steve: We All Live Together Vol. 1 CD,Industrial & Scientific,Amazon Reviews 2023,https://m.media-amazon.com/images/I/51u1t03G+TL.jpg,4.8,52
B07FSCXVB2,whatUneed 办公商品,办公,whatUneed,50,840,办公,"Cute Animal Bookmarks for Kids Children Boys Girls, Funny Novelty Ruler Book Marker for Student(60 Pack）",Office Products,Amazon Reviews 2023,https://m.media-amazon.com/images/I/51Qa8-JaHLL._AC_.jpg,4.2,85
B07C4PD613,Ox Plastics 办公商品,办公,Ox Plastics,281,716,办公,"18 Inch X 1500 feet Tough Pallet Shrink Wrap, 80 Gauge Industrial Strength, Commercial Grade Strength Film, Moving & Packing Wrap, For Furniture, Boxes, Pallets (1-Pack)",Tools & Home Improvement,Amazon Reviews 2023,https://m.media-amazon.com/images/I/21N9Fnv7veL._AC_.jpg,4.6,56
B0BQGCRYGB,iGifts And Cards 办公商品,办公,iGifts And Cards,93,358,办公,"iGifts And Cards Classic Car 3D Pop Up Greeting Card - Antique, Collectible, Automobile, Half-Fold, Happy Birthday, Retirement, Father's Day, Thank You, Just Because, All Occasion, Congratulations",Office Products,Amazon Reviews 2023,https://m.media-amazon.com/images/I/41Rji8YvlnL._AC_.jpg,4.8,674
B003FM7GES,Adams 办公商品,办公,Adams,36,624,办公,"Adams Small Business Employment Forms, 4 Each of 5 Different Forms, Includes Instructions (HV100)",Office Products,Amazon Reviews 2023,https://m.media-amazon.com/images/I/51dnx72l7jL._AC_.jpg,4.4,27
B00T3MIULW,Avanti Press 办公商品,办公,Avanti Press,29,656,办公,Cat Licking Snow Cone Funny Belated Birthday Card,Office Products,Amazon Reviews 2023,https://m.media-amazon.com/images/I/51wx84tyxVL._AC_.jpg,4.9,20
B09F7PSYLV,"Desktop Publishing Supplies, Inc. 办公商品",办公,"Desktop Publishing Supplies, Inc.",72,927,办公,Candy Cane Address Labels / Gift Tags - 120 Labels,Office Products,Amazon Reviews 2023,https://m.media-amazon.com/images/I/41aj-gXPaUL._AC_.jpg,4.5,9
B0BTP5332V,BLECH INK 办公商品,办公,BLECH INK,281,555,办公,"63XL Ink Cartridges Compatible Replacement for HP 63XL Ink Combo Pack Works with DeskJet 1112, 2130, 3630 Series, Envy 4510, 4520 and OfficeJet 3830, 4650, 5200 F6U63A F6U64A",All Electronics,Amazon Reviews 2023,https://m.media-amazon.com/images/I/41L-lZCin3L._AC_.jpg,4.6,33
B00K66MZ5Q,Krane AMG 办公商品,办公,Krane AMG,1594,739,办公,Krane AMG AMG500 Convertible Platform/Dolly/Tilt Cart with 500-Pound Capacity,Tools & Home Improvement,Amazon Reviews 2023,https://m.media-amazon.com/images/I/410RbqLq-NL._AC_.jpg,4.2,29
B0774FTRJZ,LGEGE 办公商品,办公,LGEGE,72,969,办公,"YEJI 12Pcs (6x4"" Clear Frosted Extra Large) Clear Transparent Extra Large Badge Holders Heavy Duty ID Card Badge Holder for ID Card Name Tag Passport ID, Cash, Plane Ticket Credit Card Receipts",Office Products,Amazon Reviews 2023,https://m.media-amazon.com/images/I/31cqjFr1GqL._AC_.jpg,5.0,9
B005FZB2IE,EcoSwift 办公商品,办公,EcoSwift,76,446,办公,25 EcoSwift Size #0 6 x 10 Kraft Bubble Mailers Self Sealing Bulk Padded Shipping Supplies Packaging Materials Envelopes Bags 6 inches by 10 inches,Office Products,Amazon Reviews 2023,https://m.media-amazon.com/images/I/41EDMvpT+1L._AC_.jpg,4.7,10
B01AQ34GQY,Iron On MD Labels 办公商品,办公,Iron On MD Labels,137,671,办公,"Iron on Clothing Labels - 100 - Large 3 Line - Larger Center Line - Personalized with Your Text! Your Choice of Ink Color - Black, Blue or Green",Office Products,Amazon Reviews 2023,https://m.media-amazon.com/images/I/31zanyLj4LL._AC_.jpg,4.2,58
B09N15NFSR,YUJUN 办公商品,办公,YUJUN,43,622,办公,YUJUN 350PCS Gold Embossed Heart Stickers Self-Adhesive Heart Envelope Seal Wax Looking Stickers Labels for Wedding Party Invitations Valentine's Day Greeting Cards Party Favors Decor,Amazon Home,Amazon Reviews 2023,https://m.media-amazon.com/images/I/5121V9Gi6aL._AC_.jpg,4.8,225
B08GHKZSFP,xydled 办公商品,办公,xydled,101,732,办公,"xydled Steel Cash Box Safe with Combination Lock,Money Safe Box with Removable Coin Tray,Medium,7.87""x 6.30""x 3.54"",White",Tools & Home Improvement,Amazon Reviews 2023,https://m.media-amazon.com/images/I/21gIU9EADGL._AC_.jpg,4.4,1347
B0070OB30K,Ideal Trodat 办公商品,办公,Ideal Trodat,38,128,办公,4913 Replacement Pad Blue 3 Pack,Office Products,Amazon Reviews 2023,https://m.media-amazon.com/images/I/31BQDgAhkDL._AC_.jpg,4.8,13
B01402ONW4,Royal Green 办公商品,办公,Royal Green,29,658,办公,Essential Oils Bottle Cap Stickers - Do it Your self. Full Sheet Labels 1004 Pack,Office Products,Amazon Reviews 2023,https://m.media-amazon.com/images/I/519LDwYuzqL._AC_.jpg,4.1,97
B07KJ8SQBM,Magicard 办公商品,办公,Magicard,252,635,办公,Magicard ID Printer Cleaning Kit (3633-0053),Office Products,Amazon Reviews 2023,https://m.media-amazon.com/images/I/31HZLCpGFNL._AC_.jpg,4.6,37
B0753DF9TC,Lzttyee 办公商品,办公,Lzttyee,115,882,办公,Lzttyee 3 Layer Wooden Business Card Holders Name Card Rack Stands Desktop Display Organizer (Deep Coffee),Office Products,Amazon Reviews 2023,https://m.media-amazon.com/images/I/41AQFxQC+OL._AC_.jpg,4.6,54
B09C2QDN6P,PILOT 办公商品,办公,PILOT,27,558,办公,"PILOT Precise V7 RT Refillable & Retractable Liquid Ink Rolling Ball Pens, Fine Point (0.7mm) Black Ink, 2-Pack (26056)",Office Products,Amazon Reviews 2023,https://m.media-amazon.com/images/I/41WDVaOB4lL._AC_.jpg,4.8,1509
B07FPBMSGQ,Waozshangu 办公商品,办公,Waozshangu,43,431,办公,New Arrival Wiccan Bookmarker Bookmark Witchcraft Pagan Pentagram Black Magic Jewelry Glass cabochon Jewelry，PU080 (Silver),Office Products,Amazon Reviews 2023,https://m.media-amazon.com/images/I/4138oH90kbL._AC_.jpg,4.2,42
B09GJNRCYL,COHVV 办公商品,办公,COHVV,50,110,办公,"Wrist and Neck Lanyards for Keys ID Badge for Women Teacher Kids, 2 Pieces Cute Lanyards Key Chain Holder with 4 Keychain Rings for Car Keys Wallet Phone (Love-Rose Red)",Office Products,Amazon Reviews 2023,https://m.media-amazon.com/images/I/41fxwSBA96L._AC_.jpg,4.7,320
B071YWSHFM,Cutting EDGE 办公商品,办公,Cutting EDGE,310,399,办公,25 Variable Depth Economy Kraft LP Record Mailer Boxes,Office Products,Amazon Reviews 2023,https://m.media-amazon.com/images/I/41NWK3QpoDL._AC_.jpg,3.9,38
B0BJXKC5RL,trohestar 办公商品,办公,trohestar,151,651,办公,Metal Pantry Baskets Labels Clip On for Storage Bins with White Chalk Markers (18 Black Holders + 4 White Chalk Makers),Office Products,Amazon Reviews 2023,https://m.media-amazon.com/images/I/51ePKgJc4JL._AC_.jpg,4.4,182
B09KQBK7JY,Freedom Mastery 办公商品,办公,Freedom Mastery,237,542,办公,"Law of Attraction Life & Goal Planner - A 90 Day Journey Creating Your Dream Life - Personal Gratitude Journal, Week Success Planner, Vision Board & Organizer + Planner Stickers, Undated",Office Products,Amazon Reviews 2023,https://m.media-amazon.com/images/I/515RZPMBaRL._AC_.jpg,4.5,5783
B000FU0XLQ,Lexmark 办公商品,办公,Lexmark,345,89,办公,Lexmark X340A11G X340 X342 Toner Cartridge (Black) in Retail Packaging,Office Products,Amazon Reviews 2023,https://m.media-amazon.com/images/I/51Kjs964TkL._AC_.jpg,3.7,21
B078HDH2DX,AT-A-GLANCE 办公商品,办公,AT-A-GLANCE,130,753,办公,"AT-A-GLANCE Weekly/Monthly Planner, January 2018 - December 2018, 4-7/8"" x 8"", Sun Dance (1051-200)",Office Products,Amazon Reviews 2023,https://m.media-amazon.com/images/I/51EddkQNO7L._AC_.jpg,4.4,123
B07P2X3Y5M,Yaheetech 办公商品,办公,Yaheetech,487,857,办公,"Yaheetech Metal Stack Stool with Plastic Padded Seat for Classroom,Offices and Homes, Assorted Colors Pack of 5",Amazon Home,Amazon Reviews 2023,https://m.media-amazon.com/images/I/41jQ-nHWxML._AC_.jpg,4.2,12
B08XPZSM72,Graf von Faber-Castell 办公商品,办公,Graf von Faber-Castell,202,116,办公,Graf von Faber-Castell Ink Bottle Electric Pink 75 ml,Office Products,Amazon Reviews 2023,https://m.media-amazon.com/images/I/41GW4G529PL._AC_.jpg,4.5,10
B08SLNGTCL,Amanda Creation 办公商品,办公,Amanda Creation,108,780,办公,"Lucky Charms & Shamrocks St. Patrick's Day Blank Postcards To Send To Friends & Family, 4""x6"" Fill In Notecards (4 Different Designs) by AmandaCreation (20)",Office Products,Amazon Reviews 2023,https://m.media-amazon.com/images/I/51DjENKW0aL._AC_.jpg,4.6,17
B0BY91W7C5,Gersoniel 办公商品,办公,Gersoniel,115,985,办公,Cute Nurse Pens Doctor Pens Funny Cartoon Nurse Ink Ball Point Pens Thank You Gifts for Doctors Medical Assistant Accessories Healthcare Workers Nursing School Students Supplies (35 Pcs),Office Products,Amazon Reviews 2023,https://m.media-amazon.com/images/I/51SK0+I2j7L._AC_.jpg,4.4,54
B00XN1WM2C,Lamy 办公商品,办公,Lamy,129,786,办公,Lamy 114 Safari Blue Pencil 0.5mm - new for 2020 Refillable,Office Products,Amazon Reviews 2023,https://m.media-amazon.com/images/I/21S9Ig2WzoL._AC_.jpg,4.6,280
B0BSXRF8KQ,ARTISTIC DIRECT 办公商品,办公,ARTISTIC DIRECT,79,874,办公,Boston Terrier Set of 215 Sheeted Address Labels,Office Products,Amazon Reviews 2023,https://m.media-amazon.com/images/I/31HkTuwo2qL._AC_.jpg,4.7,172
B005FCP58U,Business Source 办公商品,办公,Business Source,113,170,办公,BSN15735 - Business Source Quality Rubber Bands,Office Products,Amazon Reviews 2023,https://m.media-amazon.com/images/I/51burabgToL._AC_.jpg,5.0,1
B07PDJQ7ZB,RuiLing 办公商品,办公,RuiLing,58,731,办公,"RuiLing 6pcs 3-Hole Loose Leaf Binder Desk Calendar Binding Rings 3-Ring DIY Metal Split Hinged Clip for Notebook Diary Photo Album Binding 2.5x30x40mm (Silver, Black, Bronze)",AMAZON FASHION,Amazon Reviews 2023,https://m.media-amazon.com/images/I/51iTHRWXwBL._AC_.jpg,4.0,14
B0156IRMEC,wall26 办公商品,办公,wall26,230,821,办公,Street Banner Pole Kit - Hardware Only - 24 inches,Office Products,Amazon Reviews 2023,https://m.media-amazon.com/images/I/51GUBJ+SV+L._AC_.jpg,4.3,27
B08ZJCX66L,Filofax 办公商品,办公,Filofax,386,821,办公,"FILOFAX A5 Day PER Page 5 Language APPOI,White",Office Products,Amazon Reviews 2023,https://m.media-amazon.com/images/I/41HMXH6YU1L._AC_.jpg,4.7,381
B0BB28524R,VEOACHANG 办公商品,办公,VEOACHANG,58,119,办公,"VEOACHANG ID Badge Holder with Lanyard, Detachable Neck Lanyard Strap and Retractable Badge Reel ID Card Holders Set，Sunflower Pattern Suitable for Women Kids Teacher Nurses Doctor Student",Office Products,Amazon Reviews 2023,https://m.media-amazon.com/images/I/51LI1Pt3iXL._AC_.jpg,4.5,20
B07YHFPFG6,Pickled Stamps 办公商品,办公,Pickled Stamps,191,313,办公,Christmas Address Label Stamp Custom Merry Christmas Stamp Self Inking Return Address Mail Stamper Professional Business Circle Large Personalized Holiday Address Stamp Merry Christmas (Design 6),Office Products,Amazon Reviews 2023,https://m.media-amazon.com/images/I/516tm8Qd8cL._AC_.jpg,4.3,52
B094QLR95Z,Zonon 办公商品,办公,Zonon,86,682,办公,"Zonon 2 Pieces Japanese Creative Cute Crab Pen Holder for Desk Weightlifting Crab Pen Holder Creative Present Stand Storage Stationery Desktop Decoration Ornament, Blue and Green",Tools & Home Improvement,Amazon Reviews 2023,https://m.media-amazon.com/images/I/41SC4nY-34L._AC_.jpg,4.6,80
B09DTNWZ35,Erin Condren 办公商品,办公,Erin Condren,98,456,办公,"Erin Condren Designer Colorful Fine-Tip Markers - Pastels 7 Pack with 6.5"" Length and 0.4 mm Tip for Writing, Coloring and More, Highlight Important Details in Pastel Colors",Office Products,Amazon Reviews 2023,https://m.media-amazon.com/images/I/31V95Pma9ML._AC_.jpg,4.4,55
1420623842,Teacher Created Resources 办公商品,办公,Teacher Created Resources,86,222,办公,Lime Chevrons and Dots Lesson Plan & Record Book,Industrial & Scientific,Amazon Reviews 2023,https://m.media-amazon.com/images/I/51uX0izNaNL.jpg,4.5,178
B0C616DSMT,IN INTACTECH 办公商品,办公,IN INTACTECH,112,261,办公,"Intactech Replacement for Dell Series 31 32 33 V525w V725w Color Ink Cartridges (1 Cyan, 1 Magenta, 1 Yellow, 3 Color Pack) Work for Dell V525w V725w Printer",All Electronics,Amazon Reviews 2023,https://m.media-amazon.com/images/I/41hQxVXg+bL._AC_.jpg,4.3,737
B002S53A8Y,PM Company 办公商品,办公,PM Company,216,358,办公,"PM Company Perfection One Ply Thermal Rolls, 2.25 X 85 Feet, White, 50 Rolls Per Carton (07903)",Office Products,Amazon Reviews 2023,https://m.media-amazon.com/images/I/31HUVnqddzL._AC_.jpg,4.4,11
B094Z58W91,DONGGANGAJI 保护壳,办公,DONGGANGAJI,86,694,办公|保护壳,DONGGANGAJI Lanyard with Zip Id Case (Black-D04),Office Products,Amazon Reviews 2023,https://m.media-amazon.com/images/I/41hpiYTeh+L._AC_.jpg,4.7,2570
B01CARRTFY,Fisher Space Pen 办公商品,办公,Fisher Space Pen,227,414,办公,"Fisher Space Pen Pocket Tec Space Pen, Orange (PT/O)",Office Products,Amazon Reviews 2023,https://m.media-amazon.com/images/I/31CGGWlGRzL._AC_.jpg,4.3,113
B01NBC1JNC,MOLOTOW 办公商品,办公,MOLOTOW,100,979,办公,Molotow Dripstick Rollerball 214 - TOAST Signal Black,Office Products,Amazon Reviews 2023,https://m.media-amazon.com/images/I/31rbvF+BagL._AC_.jpg,3.4,15
B081YJM2J7,juneTree 办公商品,办公,juneTree,86,735,办公,Passion leather spiral notebook Original office personal diary/week planner/agenda organizer Cute ring stationery binder purple A6,Office Products,Amazon Reviews 2023,https://m.media-amazon.com/images/I/31+YBi3ZVvL._AC_.jpg,3.8,42
B01JPDYGLG,Supply360 办公商品,办公,Supply360,50,589,办公,"Supply360 AS-IMP2019 Round Teacher Stamp - Solid Star, Red Ink, Durable, Light Weight Self-Inking Stamp, 5/8"" Impression Area",Industrial & Scientific,Amazon Reviews 2023,https://m.media-amazon.com/images/I/41VKmEvkcVL.jpg,4.6,22
B0078RZJVI,Adam Equipment 办公商品,办公,Adam Equipment,1875,741,办公,"Adam Equipment CQT 202 Core Compact Portable Precision Balance, 200g Capacity and 0.01g Readability",Industrial & Scientific,Amazon Reviews 2023,https://m.media-amazon.com/images/I/41Y4pDX6oGL.jpg,4.0,9
B004BTTJ8K,PPD 办公商品,办公,PPD,192,314,办公,PPD 50 Sheets 11x17 Satin Luster (Semi-Gloss) Super Premium Photo Paper 68lbs 255gsm 10.5mil Professional Grade Instant Dry and Water-Resistant (PPD022-50),Office Products,Amazon Reviews 2023,https://m.media-amazon.com/images/I/51wxneVl8QL._AC_.jpg,4.6,288
B0B58K5N3F,SICOHOME 办公商品,办公,SICOHOME,72,211,办公,"SICOHOME Recognition Rewards for Kids,30pcs Super Star Student Certificates,Student Awards Certificates,Incentives for Children,Preschool,Parents,End of Semester,Back to School,Home Study Supplies",Office Products,Amazon Reviews 2023,https://m.media-amazon.com/images/I/51NNw1O7a-L._AC_.jpg,5.0,8
B00O9E4X4W,Wrapables 办公商品,办公,Wrapables,22,895,办公,"Wrapables Set of 32 Chalkboard Labels/Chalkboard Stickers for Organizing, Labeling, Gift Tags, Drink/Wine Markers, and Weddings - 2"" x 1.25""",Office Products,Amazon Reviews 2023,https://m.media-amazon.com/images/I/41aA6SSfrwL._AC_.jpg,4.0,34
B0000APTGM,KODAK 办公商品,办公,KODAK,153,468,办公,Kodak Travel Bag for Printer Dock G610,Camera & Photo,Amazon Reviews 2023,https://m.media-amazon.com/images/I/21pnp5bvvZL._AC_.jpg,4.2,60
B019RAXQV8,ESTON 办公商品,办公,ESTON,274,837,办公,ESTON 61XL Black & 61XL Color Combo Pack -2 Cartridges Replacements for HP 61 Ink Cartridge High Yield CH563WN CH564WN for HP Deskjet 2510 Deskjet 3050 Envy 4500,All Electronics,Amazon Reviews 2023,https://m.media-amazon.com/images/I/51jAwH7h7pL._AC_.jpg,3.2,6
B00UWOUPLI,Unknown 办公商品,办公,Unknown,71,462,办公,"1 X Generic Compatible Ink Cartridge Replacement for HP 564XL 564 5 Color Photosmart 5520 6510 6520 7510 7520 Printer, 5 Pack, Multi",Office Products,Amazon Reviews 2023,https://m.media-amazon.com/images/I/51pdqNka9cL._AC_.jpg,3.7,28
B08BR7G118,uyoyous 办公商品,办公,uyoyous,1001,58,办公,"uyoyous Stainless Steel Utility Cart 37""x20""x37"" 3-Tier Large Heavy Duty Industrial Serving cart with 360°Rotation Wheels Kitchen Island Stainless Steel Storage Trolley for Hotel Restaurant Home Use",Amazon Home,Amazon Reviews 2023,https://m.media-amazon.com/images/I/41oRjRYXR5L._AC_.jpg,4.5,124
B07SLRXW48,Sooez 办公商品,办公,Sooez,36,281,办公,"Sooez Metal Business Card Holders Stand for Desk, 3 Pack Office Stainless Steel Business Card Table Top Display Stand Name Card Holder for Business Cards, Mirror Silver",Office Products,Amazon Reviews 2023,https://m.media-amazon.com/images/I/41fCK7ylrAL._AC_.jpg,4.8,2296
B0024KLGA2,LD Products 办公商品,办公,LD Products,173,165,办公,LD KX-FAT92 KXFAT92 Black Toner Cartridge 3 Set for Panasonic KX-MB271 KX-MB781,All Electronics,Amazon Reviews 2023,https://m.media-amazon.com/images/I/31RmdSjl3LL._AC_.jpg,3.7,17
B009SPV4Q2,Lexmark 办公商品,办公,Lexmark,506,593,办公,Lexmark 80C10M0 Magenta Return Program Toner,Office Products,Amazon Reviews 2023,https://m.media-amazon.com/images/I/41ic7gmXf4L._AC_.jpg,4.4,50
B0752HT6GX,Flipside 办公商品,办公,Flipside,200,710,办公,"36 x 48 Green Foam Project Board, Pack of 3",Office Products,Amazon Reviews 2023,https://m.media-amazon.com/images/I/31oVWI57-KL._AC_.jpg,4.6,190
B09SWDWFVM,Take a Scroll Design 办公商品,办公,Take a Scroll Design,72,0,办公|存储,"Delivery Driver Thank You Rating Stickers for Customer Bag, Choose Your Color, 2-inch, 100-count, 5 Sheets",Office Products,Amazon Reviews 2023,https://m.media-amazon.com/images/I/61SCpUK5WML._AC_.jpg,4.6,18
B006E5B66W,United States Toner 办公商品,办公,United States Toner,410,219,办公,"Dell M797K - United States Toner Brand Remanufactured Dell 2230d Toner Cartridge for Use in Dell 2230 Printers, United States Toner Exclusive Warranty only Through United States Toner Direct.",Office Products,Amazon Reviews 2023,https://m.media-amazon.com/images/I/416OjdK5QHL._AC_.jpg,3.7,22
B07Q2X6J98,Astrobrights 办公商品,办公,Astrobrights,230,193,办公,"Astrobrights Mega Collection, Colored Paper, Classic"" 5-Color Assortment, 1250 Sheets 24 lb/89 gsm, 8.5"" x 11"" - MORE SHEETS! (91623-01)",Office Products,Amazon Reviews 2023,https://m.media-amazon.com/images/I/41ZpzKSWflL._AC_.jpg,4.4,83
B00N2SFPV6,Honeywell 办公商品,办公,Honeywell,432,928,办公,"Honeywell BAT-SCN01 Lithium-Ion Battery for Voyager 1202, Xenon 1902, Granit 1911I, 3820, 3820I, 4820, and 4820I Cordless Scanners",Industrial & Scientific,Amazon Reviews 2023,https://m.media-amazon.com/images/I/31LVO3ulE5L.jpg,4.3,17
B08CCQZLT5,ATOZ BOX 办公商品,办公,ATOZ BOX,71,525,办公,Gift Certificate for Business VIP Luxury High Gloss UV Coated,Office Products,Amazon Reviews 2023,https://m.media-amazon.com/images/I/41TlyluXzWL._AC_.jpg,4.7,97
B007V6AHX6,Gusset 办公商品,办公,Gusset,158,142,办公,Gusset Double Six Cog 19T,Sports & Outdoors,Amazon Reviews 2023,https://m.media-amazon.com/images/I/41LDLfydRNL._AC_.jpg,5.0,1
B0778V43FV,CURRENT 办公商品,办公,CURRENT,79,276,办公,"Empire Blue Certificate on White Parchment - Set of 25, 8-1/2"" x 11"" on 60 lb. Text Parchment Paper, Laser and Inkjet Printer Compatible","Arts, Crafts & Sewing",Amazon Reviews 2023,https://m.media-amazon.com/images/I/41ORQTzhk6L._AC_.jpg,4.2,4
B00ACDKRFS,STAPLES 办公商品,办公,STAPLES,147,769,办公,"Staples Clasp Closure Kraft Envelopes, 10 inches x 13 inches, Brown, 100 Envelopes per Box",Office Products,Amazon Reviews 2023,https://m.media-amazon.com/images/I/21BLXBpgp7L._AC_.jpg,4.7,28
B0B8NTRM9S,TEWRLNDE 办公商品,办公,TEWRLNDE,122,397,办公,"TEWRLNDE 8 Packs Heavy Duty 2 Pocket Folders with 3 Prongs, Plastic Folders with Clear Front Pocket for Letter Size Paper, Assorted Colors/Card Slot for Class Office Home",Office Products,Amazon Reviews 2023,https://m.media-amazon.com/images/I/41mO38TefXL._AC_.jpg,4.8,264
B08DBLWFTG,Childlearn 游戏商品,办公,Childlearn,43,641,办公,"Montessori Alphabet Beginning Reader Letter Blocks, Phonics Games and Toys for Kindergarten Age Boys and Girls, Best Montessori Toys for 3 4 5 and 6 Year Olds. CVC Builders Make Learning Fun!",Toys & Games,Amazon Reviews 2023,https://m.media-amazon.com/images/I/41uqu5++vCL._AC_.jpg,4.7,436
B003OF93O2,Teacher Created Resources 办公商品,办公,Teacher Created Resources,58,543,办公,"Teacher Created Resources Balloons Accents (4592),Multi Color",Office Products,Amazon Reviews 2023,https://m.media-amazon.com/images/I/41IyOdL2PGL._AC_.jpg,4.6,226
B0BGX6F7JW,Regolden-Book 办公商品,办公,Regolden-Book,86,201,办公,"Regolden-Book Habit Tracker Journal-Inspirational Goal Tracker and Habit Calendar for Spiral Binding–Colorful Premium Paper & Goal Planner Journal to Boost Productivity (9""x12"")",Office Products,Amazon Reviews 2023,https://m.media-amazon.com/images/I/51TDLRNeUZL._AC_.jpg,4.1,34
B0B5QSC3TJ,Iskueal 办公商品,办公,Iskueal,72,650,办公,"Butterfly Flower Pop up Card, Purple 3D Basket Cards, Spring Paper Card, beautiful Greeting, Unique Gift for Women Wife Girl Daughter Mothers Day Anniversary Birthday, With Envelope and Note 5"" x 7""",Office Products,Amazon Reviews 2023,https://m.media-amazon.com/images/I/514ol8KJNlL._AC_.jpg,4.7,341
B003YVP55W,"G.T. Luscombe Company, Inc. 办公商品",办公,"G.T. Luscombe Company, Inc.",72,658,办公,Bible Dry Highlighter - Blue,Office Products,Amazon Reviews 2023,https://m.media-amazon.com/images/I/31UhENZHAcL._AC_.jpg,3.9,9
B0BVVH3816,Gimars 键盘,办公,Gimars,79,390,办公|键盘,"Gimars Keyboard Wrist Rest Pad with 63D High-Density Thicken Enlarge Memory Foam, Anti-Slip Rubber Base and Ergonomic Design for Office,Gaming, Computer, Laptop, Mac, Carpal Tunnel Pain Relief, Black",Office Products,Amazon Reviews 2023,https://m.media-amazon.com/images/I/31vyRPOodCL._AC_.jpg,4.5,1158
B00Q4U5CMG,Elan Publishing Company 办公商品,办公,Elan Publishing Company,101,233,办公,"Class Record Book for 9-10 Weeks. 50 Names. Smaller Size 7"" x 11"" (R9010)",Office Products,Amazon Reviews 2023,https://m.media-amazon.com/images/I/51XgZj-LU5L._AC_.jpg,4.4,148
B078XJ3TJM,One In A Millionaire 办公商品,办公,One In A Millionaire,43,421,办公,Victoria Convertible Necklace Fashion Lanyard with Stainless Steel Chain & Genuine Leather ID Badge Holder. 3 Card Pockets. Adjustable 18-22''' with 4'' Detachable Extender. Wine Red Holder,Office Products,Amazon Reviews 2023,https://m.media-amazon.com/images/I/41ipQN41OPL._AC_.jpg,4.2,76
B001HD25AM,Business Source 办公商品,办公,Business Source,94,548,办公,Business Source The Folder Holder,Office Products,Amazon Reviews 2023,https://m.media-amazon.com/images/I/41-pPOVujwL._AC_.jpg,5.0,4
B0BBQKV7MZ,beyonday 办公商品,办公,beyonday,65,506,办公,"200pcs Hand Made Black Lollipop Sealing Stickers, Tins Long Label Handmade Stickers, Scrapbooking Baking Self-Adhesive Craft Stickers, Cake Boxes Package Labels, Gift Wrapping Stickers",Office Products,Amazon Reviews 2023,https://m.media-amazon.com/images/I/51YtCjRbpWL._AC_.jpg,4.6,163
B09QJRTQ5C,Natwind 办公商品,办公,Natwind,432,715,办公,Natwind 3-Tier Metal Rolling File Cart with Wheels for Letter Legal Size Hanging Files Mobile File Folder Rack with Pull-Out Drawer File Organizer Cabinet for Home Office（Black）,Amazon Home,Amazon Reviews 2023,https://m.media-amazon.com/images/I/51VB+ivFHVL._AC_.jpg,4.8,7
B015VZHE48,House of Doolittle 办公商品,办公,House of Doolittle,154,449,办公,"House of Doolittle 2016 Monthly Desk Pad Calendar, Breast Cancer Awareness, 18.5""x13"" (HOD1466-16)",Office Products,Amazon Reviews 2023,https://m.media-amazon.com/images/I/41SBOPJRBNL._AC_.jpg,4.1,8
B07SBM8FXX,ZHIDIAN 办公商品,办公,ZHIDIAN,94,236,办公,"ZHIDIAN Magnetic Dry Erase Labels 2.1"" x 1.2"", 36 Pcs Magnets for Whiteboard, Blank Name Tags Plates for Classroom, Lockers, Fridge and Behavior Chart, Writable and Reusable Magnets",Office Products,Amazon Reviews 2023,https://m.media-amazon.com/images/I/51HdE6LiQhL._AC_.jpg,4.5,1110
B0117IPQMU,STABILO 办公商品,办公,STABILO,115,919,办公,STABILO Handwriting Pen EASYoriginal metallic - Right-Handed - neon blue/metallic,Office Products,Amazon Reviews 2023,https://m.media-amazon.com/images/I/41OfDcKFusL._AC_.jpg,4.7,9423
B00KD779RW,National Hardware 办公商品,办公,National Hardware,113,148,办公,Kickdown Door Stop Sc 4,Tools & Home Improvement,Amazon Reviews 2023,https://m.media-amazon.com/images/I/31PR8pEAGZL._AC_.jpg,3.7,4
B08X2YM19M,ezeetab 办公商品,办公,ezeetab,5760,272,办公,"ezeetab POS System (C) 15"" PRO Systems with 3.5"" Printer",All Electronics,Amazon Reviews 2023,https://m.media-amazon.com/images/I/41llr1Pwo-L._AC_.jpg,3.9,20
B0BH3TL5QN,French KOKO 键盘,办公,French KOKO,144,242,办公|键盘|鼠标,"French Koko Large Mouse Pad, Long Desk Mat Keyboard Pad Desktop Accessories Home School College Decor Supplies Pretty Mousepad Big Computer Office Essentials Women Kids Girls XL Cute Tie Dye",Office Products,Amazon Reviews 2023,https://m.media-amazon.com/images/I/51eggspTMjL._AC_.jpg,4.7,7799
B007JR9ZBC,Panasonic 办公商品,办公,Panasonic,720,72,办公,"Panasonic KX-TG4743B DECT 6.0 Cordless Phone with Answering System, Black, 3 Handsets (Discontinued By Manufacturer)",All Electronics,Amazon Reviews 2023,https://m.media-amazon.com/images/I/51qtwToH4HL._AC_.jpg,4.3,2447
B0BPP7YB6N,YATUNINK 办公商品,办公,YATUNINK,324,775,办公,YATUNINK Remanufactured Ink Cartridge 275 and 276 Replacement for Canon 275XL and 276XL 275 XL 276 XL Black Color Ink Cartridges for Canon Pixma TS3522 TS3520 TS3500 TR4720 TR4700 Printer Ink (2 Pack),All Electronics,Amazon Reviews 2023,https://m.media-amazon.com/images/I/51RcKROA4sL._AC_.jpg,4.4,50
B0BPS1Z25J,ABC Pack & Supply 办公商品,办公,ABC Pack & Supply,208,530,办公,"AMZ Thermal Insulated Bubble Mailers 24 x 20 Inch, Pack of 5 Silver Metallic Insulated Shipping Bags for Food, Self Seal Padded Envelopes, Waterproof Thermal Bubble Mailer, Foil Shipping Envelopes",Office Products,Amazon Reviews 2023,https://m.media-amazon.com/images/I/61NDqNbnBoL._AC_.jpg,4.4,13
B07FCDC6HR,BTSKY 办公商品,办公,BTSKY,43,826,办公,"BTSKY 13 Pocket Accordian File Organizer- Plastic Wallet for Cards,Coupons,Receipt,Tax Item, Mini Expanding Folders Organizational A6 Portable Folder",Office Products,Amazon Reviews 2023,https://m.media-amazon.com/images/I/41Uj0U3uqPL._AC_.jpg,4.4,120
B08WZKW17G,DUOFIRE 办公商品,办公,DUOFIRE,72,931,办公,DUOFIRE Pen Holder 4 Pack Desk Organizers Metal Mesh Pencil Holder Black Square Pencil Cup,Tools & Home Improvement,Amazon Reviews 2023,https://m.media-amazon.com/images/I/61i91qC8UML._AC_.jpg,4.4,115
B00JU5I4J0,Rhode Island Novelty 计算器,办公,Rhode Island Novelty,324,432,办公|计算器,One Huge Jumbo Calculator With Oversize Display,All Electronics,Amazon Reviews 2023,https://m.media-amazon.com/images/I/31ZtX-yy-yS._AC_.jpg,3.0,46
B07PHNV36W,MT Products 办公商品,办公,MT Products,86,810,办公,"4 Compatible Reset Gear for use in Brother HL-L8260CDW, HL-L8360CDW,HL-L8360CDWT HL-L9310CDW MFC-L8900CDW MFC-L9570CDW Toner cartrdige",Office Products,Amazon Reviews 2023,https://m.media-amazon.com/images/I/313FXcST5VL._AC_.jpg,4.7,6
B0B5GMPW5Z,MESHELEY 办公商品,办公,MESHELEY,43,172,办公,MESHELEY 6PCS Personalized Pens in Bulk Custom Pens for Business with Name Message Text Customized Pens with Stylus Tip Engraved Ballpoint Pens for Party Wedding Birthday,Office Products,Amazon Reviews 2023,https://m.media-amazon.com/images/I/61Q+zbmaGJL._AC_.jpg,5.0,11
B07VQW515W,Uni-ball 办公商品,办公,Uni-ball,133,922,办公,"Signo 307 Retractable Gel Ink Pen, Ultra Micro Point 0.38mm, Black Ink, UMN-307-38, 10 PCS",Office Products,Amazon Reviews 2023,https://m.media-amazon.com/images/I/31z1XFh0mrL._AC_.jpg,4.8,35
B0994RTBCW,Eco Friendly 办公商品,办公,Eco Friendly,242,958,办公,"The CREATOR - PLANTABLE Pens One pen reduces 6g of plastic added to the environment Eco Friendly Go Green - Save Earth Give a gift that speaks to the Heart, Pack of (24), Blue",Office Products,Amazon Reviews 2023,https://m.media-amazon.com/images/I/51N6vl3-ojL._AC_.jpg,4.7,26
B07BKSJ39T,Newmark Learning 办公商品,办公,Newmark Learning,79,838,办公,Newmark Learning Grade 5 Common Core Comprehension Aid,Industrial & Scientific,Amazon Reviews 2023,https://m.media-amazon.com/images/I/51KnlNaPE4L._AC_.jpg,4.6,27
B01MU9QHMH,StarBoxes 办公商品,办公,StarBoxes,206,927,办公,"StarBoxes 50 Poly Bubble Mailer Bags 12.5x19"" - #6 Pouches Envelopes White Self-Sealing",Office Products,Amazon Reviews 2023,https://m.media-amazon.com/images/I/31xfZ6PmPGL._AC_.jpg,3.1,9
B09ZRTQDR6,Conquest of Happiness 办公商品,办公,Conquest of Happiness,86,545,办公,"Vanilla Extract Labels (for 4 oz Boston Rounds and Larger) - Write-In - 1.75"" X 2.5"" - Handmade by Conquest of Happiness | Pack of 04",Handmade,Amazon Reviews 2023,https://m.media-amazon.com/images/I/41+nKs-2deL.jpg,4.9,22
B08HLXD8HF,UpgradeWith 办公商品,办公,UpgradeWith,115,710,办公,"UpgradeWith Chainchilla K6 Breakaway Lanyard – Face Mask Lanyards for Kids, Men and Women",AMAZON FASHION,Amazon Reviews 2023,https://m.media-amazon.com/images/I/31k7FvlQ3iS._AC_.jpg,4.4,178
B01D0UMH7U,Yamazaki 办公商品,办公,Yamazaki,113,939,办公,"Yamazaki Home Animal Armadillo | Silicone | Business Card Holder, One Size, Blue",Amazon Home,Amazon Reviews 2023,https://m.media-amazon.com/images/I/412ecz-RkJL._AC_.jpg,4.5,712
B09TP4H1PN,Youyole 办公商品,办公,Youyole,288,974,办公,24 Pack Acrylic Sign Holder 4 x 6 Inch Clear Table Sign Holder Double Sided T Shape Plastic Desktop Display Holder Vertical Menu Stand Business Store Sign Holders for Wedding School Office Hotel Party,Amazon Home,Amazon Reviews 2023,https://m.media-amazon.com/images/I/41UjwxOxqOL._AC_.jpg,4.5,42
B08HHY9DGH,Valuetoner 办公商品,办公,Valuetoner,382,453,办公,Valuetoner Remanufactured Ink Cartridge Replacement for HP 64XL 64 XL Black Ink Cartridges Used in Envy Photo 7858 7855 7155 6255 6252 7120 6232 7158 7164 7255e 7955e 7958e Printer (2 Black),Office Products,Amazon Reviews 2023,https://m.media-amazon.com/images/I/41phZmTVnOL._AC_.jpg,4.3,663
B004GF7M2E,ExcelMark 办公商品,办公,ExcelMark,122,506,办公,Self Inking Address Stamp - Style 79,Office Products,Amazon Reviews 2023,https://m.media-amazon.com/images/I/51dkPqe1ORL._AC_.jpg,4.2,71
B0859YGYB2,Marine Nautical Store 办公商品,办公,Marine Nautical Store,306,555,办公,Marine Nautical Store Decorative Brass Magnifying Glass & Letter Opener on Stand Desk Top - Set of 2,Amazon Home,Amazon Reviews 2023,https://m.media-amazon.com/images/I/41gSPWKSwBL._AC_.jpg,3.0,11
B0BBFTL3RZ,G-Ahora 保护壳,办公,G-Ahora,108,467,办公|保护壳,"G-Ahora 6PCS Kawaii Kitty Pen Retractable Gel Ink Pen Set Kitty Cat Pens with Sticker Pencil Case Holder Pouch Party Favors Gifts for Kids, Office, School Supplies",Office Products,Amazon Reviews 2023,https://m.media-amazon.com/images/I/51bQFJQMK+L._AC_.jpg,4.6,13
B0BL41N23M,MONAXGO 办公商品,办公,MONAXGO,259,793,办公,"MONAXGO A3 DTF Transfer Film(30 Sheets, Matte) Premium Double-Sided Matte DTF Film PreTreat DTF Transfer Sheets Direct to Film Transfer Paper, PET Heat Transfer Paper for T-Shirts Textile","Arts, Crafts & Sewing",Amazon Reviews 2023,https://m.media-amazon.com/images/I/51H9JL+Vj+L._AC_.jpg,4.6,23
B01LZSUIS8,SourceOne 办公商品,办公,SourceOne,288,160,办公,Source One Premium Counter Top Business Card Holder/Gift Card Display,Office Products,Amazon Reviews 2023,https://m.media-amazon.com/images/I/41IaAB2RBYL._AC_.jpg,4.7,131
143975506X,Paperblanks 办公商品,办公,Paperblanks,175,700,办公,Paperblanks 18 Month Planner & Calendar July 2019 - December 2020 Kikka Week After Week (Horizontal) Mini (140 x 95 mm),Office Products,Amazon Reviews 2023,https://m.media-amazon.com/images/I/51Y2UQeNVXL._AC_.jpg,2.2,4
B008UPEECM,Eureka 办公商品,办公,Eureka,186,291,办公,Eureka Snoopy Christmas Special Delivery Bulletin Board Sets (847606),Office Products,Amazon Reviews 2023,https://m.media-amazon.com/images/I/51sLZOcazSL._AC_.jpg,3.8,19
B01N457MGD,Wedding Advice Cards 办公商品,办公,Wedding Advice Cards,59,195,办公,Appointment Reminder Cards - Business Card Size 3.5 X 2 Inches - Pack of 50,Office Products,Amazon Reviews 2023,https://m.media-amazon.com/images/I/41n+-Y-8WRL._AC_.jpg,4.6,39
B001DIOGNU,7gypsies 办公商品,办公,7gypsies,144,871,办公,7gypsies 17764 97% Certifiable Interchangeable Stamp-Round w/French Seals,"Arts, Crafts & Sewing",Amazon Reviews 2023,https://m.media-amazon.com/images/I/51LOZTqQIhL._AC_.jpg,2.5,2
B01E8WD6XI,Pentel 办公商品,办公,Pentel,60,438,办公,Pentel Energel Alloy RT Gel Pen Medium Point Metal Tip Ballpoint Pen Black ink + Refill (Black Body),Office Products,Amazon Reviews 2023,https://m.media-amazon.com/images/I/51VKYzSc3YL._AC_.jpg,4.8,49
B014FT655U,Mead 办公商品,办公,Mead,85,121,办公,"Index Cards Ringdex,w/Removable,Poly Tab,3""x5"", (MEA63072) Category: 80 Index Cards and Index Card Boxes, Color May Very",Office Products,Amazon Reviews 2023,https://m.media-amazon.com/images/I/41HgQMZTFHL._AC_.jpg,4.4,105
B00449YYYG,AVERY 办公商品,办公,AVERY,305,263,办公,"Avery Hanging Style Name Badge Holders/Inserts, 3 X 4, 100/Box (Ave74459)",Office Products,Amazon Reviews 2023,https://m.media-amazon.com/images/I/51Gt5hJfYuL._AC_.jpg,4.6,34
B0926XW799,Moonrise Papery 办公商品,办公,Moonrise Papery,108,305,办公,"Set of 10 Greenery Wedding Party Thank You Cards, Bridesmaid Thank You Card, Maid of Honor Thank You Card, Matron of Honor Thank You Card, Flower Girl Thank You Card",Office Products,Amazon Reviews 2023,https://m.media-amazon.com/images/I/41h75ekZbiL._AC_.jpg,4.5,18
B081PKBK23,Eureka 办公商品,办公,Eureka,61,314,办公,"Eureka Blue Harmony Teacher Supplies Self-Adhesive Student Nametags, 36 pcs, 9.5'' x 3.25''",Office Products,Amazon Reviews 2023,https://m.media-amazon.com/images/I/518ZCS5nTGL._AC_.jpg,4.8,314
B003SBZUJE,Business Source 办公商品,办公,Business Source,288,59,办公,"Business Source 1.5"" Exp Heavyweight File Pockets",Office Products,Amazon Reviews 2023,https://m.media-amazon.com/images/I/312wO1C2G+L._AC_.jpg,5.0,5
B07N39FL43,Suck UK 办公商品,办公,Suck UK,90,404,办公,Suck UK | Novelty Drink Coasters | Splat Stan Funny Coasters for Drinks | Silicone Coasters For Coffee Table | Hot Drinks Accessories & Home Office Accessories | Novelty Desk Decor | Office Gifts,Amazon Home,Amazon Reviews 2023,https://m.media-amazon.com/images/I/31L2Su4T+VL._AC_.jpg,4.7,250
B01F31WNXW,Shannon Martin Girl Designer 办公商品,办公,Shannon Martin Girl Designer,72,821,办公,"Shannon Martin Design Sticky Notes, Minions",Amazon Home,Amazon Reviews 2023,https://m.media-amazon.com/images/I/31SxiEJ1cwL._AC_.jpg,4.8,20
B07T864R73,LLPT 办公商品,办公,LLPT,151,839,办公,LLPT Double Sided Tape 0.8 Inch x 108 Feet Acrylic Foam Mounting Tape Weatherproof Residue Free Strong Adhesive for LED Strips Home Office Decor Gray (GA409),Industrial & Scientific,Amazon Reviews 2023,https://m.media-amazon.com/images/I/41MfzSGaRTL.jpg,4.2,208
B01A7YEVSA,Novelty Stores Online 办公商品,办公,Novelty Stores Online,28,269,办公,"Ireland Irish and Italy Italian 4""x6"" Miniature Flags Desk Set with Black Base",Office Products,Amazon Reviews 2023,https://m.media-amazon.com/images/I/41gkFfvI5hL._AC_.jpg,5.0,3
B01NCZO70D,JAM Paper 办公商品,办公,JAM Paper,122,893,办公,JAM PAPER A6 Premium Invitation Envelopes - 4 3/4 x 6 1/2 - Dark Grey - 50/Pack,Office Products,Amazon Reviews 2023,https://m.media-amazon.com/images/I/41VuroWj0IL._AC_.jpg,4.7,132
B07LH5BFD5,Scrubs and Stuff LLC 办公商品,办公,Scrubs and Stuff LLC,29,302,办公,"RN Badge Buddy Horizontal w/Height & Weight Conversion Charts (Standard, Purple)",Office Products,Amazon Reviews 2023,https://m.media-amazon.com/images/I/41e1AhmfV3L._AC_.jpg,4.8,685
B07MFXVXPY,Guy-Tech 办公商品,办公,Guy-Tech,92,372,办公,"AC Adapter for Vtech IS7121 IS7121-2 IS7101 Handset Phone Answering System Power, Guy-Tech Compatible Replacement 4 Feet, with LED Indicator",All Electronics,Amazon Reviews 2023,https://m.media-amazon.com/images/I/41wKXN+yCaL._AC_.jpg,5.0,1
B07HVZVRPC,YouCustomizeIt 办公商品,办公,YouCustomizeIt,100,467,办公,Peace Sign Return Address Labels (Personalized),Office Products,Amazon Reviews 2023,https://m.media-amazon.com/images/I/51JdTg0+mRL._AC_.jpg,4.0,4
B019JSUP5S,Printtoo 办公商品,办公,Printtoo,130,762,办公,Custom A-Z Alphabet Stamp in Blue Ink Monogram Round Rubber Stamp Self Inking Initial Stamp COLOP Mini Stamper 12 mm,Office Products,Amazon Reviews 2023,https://m.media-amazon.com/images/I/51uEl5mIJmL._AC_.jpg,3.0,1
B00BYKEKYC,Gullor 办公商品,办公,Gullor,91,502,办公,"Gullor Deluxe Hero Medium Art Nib Fountain Pen Black,Comes with Original Box",Office Products,Amazon Reviews 2023,https://m.media-amazon.com/images/I/41n19gXa9CL._AC_.jpg,3.6,11
B0C4TN4PMX,plohee 办公商品,办公,plohee,417,434,办公,"Plohee Paper Trimmer, Guillotine Paper Cutter, Gridded Photo Guillotine Craft Machine with 12 Inch Cut Length, 12 Sheet Capacity for Home and Office",Office Products,Amazon Reviews 2023,https://m.media-amazon.com/images/I/41ITtKIOdpS._AC_.jpg,5.0,1
B074KMVZX4,Home Advantage 办公商品,办公,Home Advantage,86,778,办公,"Home Advantage 4x6 Rsvp Cards, Postcards, Set of 50 (Kraft)",Office Products,Amazon Reviews 2023,https://m.media-amazon.com/images/I/41FY3eSoDtL._AC_.jpg,4.6,117
B0B2VFTVY1,The Best Card Company 办公商品,办公,The Best Card Company,108,202,办公,"The Best Card Company - 20 All Occasion Cards with Envelope (2 Each, 10 Designs) – Assorted Blank Greeting Card - Personality Llamas AM7036OCB-B2x10",Office Products,Amazon Reviews 2023,https://m.media-amazon.com/images/I/516FBkzurCL._AC_.jpg,4.8,1370
B0BW257NZP,Office Star 办公商品,办公,Office Star,2297,632,办公,"Office Star 8500 Series Multi-Function Ergonomic Executive Office Chair with Seat Slider and Titanium Finish Base, Mid-Back, Diamond Blue Galaxy Fabric",Amazon Home,Amazon Reviews 2023,https://m.media-amazon.com/images/I/410Za48a3zL._AC_.jpg,3.8,7
B0B69K8XNX,ミドリ(MIDORI) 办公商品,办公,ミドリ(MIDORI),72,811,办公,"Midori 13802006 MD Notebook, New Book, Ruled",Office Products,Amazon Reviews 2023,https://m.media-amazon.com/images/I/41LKPPyZXeL._AC_.jpg,4.6,228
B01D8PYXK6,card-factory 办公商品,办公,card-factory,21,964,办公,383946-philadelphia travel sites Postcard Post card,Office Products,Amazon Reviews 2023,https://m.media-amazon.com/images/I/516lDAatT6L._AC_.jpg,2.5,2
B09X6WM9QW,KINGREE 办公商品,办公,KINGREE,71,119,办公,"KINGREE Multi Function Dinosaur Toy Baby Dilophosaurus Figure, Pen Holder/Storage Box/Stationery Organizer/Pencil Cup for Desk, Desktop Ornament Gifts for 3 4 5 6 7 8 9 10 11 12 Boys & Girls",Tools & Home Improvement,Amazon Reviews 2023,https://m.media-amazon.com/images/I/51sxsppCE5L._AC_.jpg,4.5,8
B0161GLUBE,STAEDTLER 办公商品,办公,STAEDTLER,216,232,办公,STAEDTLER Textsurfer Dry Pencil - Yellow (Box of 12),Office Products,Amazon Reviews 2023,https://m.media-amazon.com/images/I/31Q1Je4tQaL._AC_.jpg,4.5,238
B07TVKQLBN,PinPix 办公商品,办公,PinPix,599,937,办公,PinPix 24x24 Inch Cork Bulletin Board. This Decorative Framed Pin Board Comes with Brown Circles Design and a Satin White Frame Frame. Ideal for Home Office Decor or Message Board (PinPix-492),Office Products,Amazon Reviews 2023,https://m.media-amazon.com/images/I/613cuAl2fCL._AC_.jpg,4.5,11
B07P5KQZH3,Eagle 办公商品,办公,Eagle,50,413,办公,"Eagle Manual Pencil Sharpener, 2 Holes, for Standard and Jumbo Color Pencils, 24×51×63 MM, Perfect for Kids, Pack of 2",Office Products,Amazon Reviews 2023,https://m.media-amazon.com/images/I/31V9jIxKrYL._AC_.jpg,4.5,627
B078KRCDCZ,FUNSHOWCASE 保护壳,办公,FUNSHOWCASE,48,582,办公|保护壳,"Funshowcase Pyramid Resin Epoxy Mold for Jewelry, Polymer Clay, Soap Making, Cabochon Gemstone Crafting Projects",Office Products,Amazon Reviews 2023,https://m.media-amazon.com/images/I/31kkPjAVoRL._AC_.jpg,4.5,277
B00HRUDERM,Vendrite 办公商品,办公,Vendrite,86,377,办公,Soap Series Decals White 1/4 Cup - Pack of 25,Industrial & Scientific,Amazon Reviews 2023,https://m.media-amazon.com/images/I/41f+AotG53L.jpg,5.0,1
B09DTP7S4T,Erin Condren 办公商品,办公,Erin Condren,194,713,办公,"A5 Spiral - Bound Budget Planner. Savings Tracker, 72 Month-At-A-Glance Pages and 4 Pages of Debt Trackers. 13 Tabs. 160 Pages of Thick 80 Lb. Mohawk Paper. Sticker Sheet Included by Erin Condren.",Office Products,Amazon Reviews 2023,https://m.media-amazon.com/images/I/41pdiQuK1+L._AC_.jpg,4.7,573
B08GR1WYGM,SEESO 办公商品,办公,SEESO,130,898,办公,Premium Custom Business Cards 250 cards Elegant Shimmering Metallic Paper 3.5x2 inches Customizable Design with Luxurious Soft Texture,Office Products,Amazon Reviews 2023,https://m.media-amazon.com/images/I/41crVwr0ZDL._AC_.jpg,4.6,236
B09C8CNYC9,LHiDS 办公商品,办公,LHiDS,360,813,办公,"LHiDS Creative Magnetic Business Portfolio Resume Padfolio Organizer, A4 Folder with Clipboard, Paper Clip, Writing Pad, Card Holder, Magnetic Closure for Interview, School and More, Black",Office Products,Amazon Reviews 2023,https://m.media-amazon.com/images/I/31i5lbiKZkL._AC_.jpg,4.0,84
B0B2XVQ73G,Papyrus 办公商品,办公,Papyrus,52,866,办公,Papyrus Wedding Card (Toast for a Lifetime),Office Products,Amazon Reviews 2023,https://m.media-amazon.com/images/I/413RJz9oLpL._AC_.jpg,4.9,305
B09X1B56ST,ESSENTIAL 办公商品,办公,ESSENTIAL,65,931,办公,"ESSENTIAL #1 200 Piece Coin Envelopes 2.25"" x 3.5"" with Gummed Flap, Small Parts Envelope for Home and Office Use (Assorted -200)",Office Products,Amazon Reviews 2023,https://m.media-amazon.com/images/I/410aoME8zXL._AC_.jpg,4.7,69
B07Z49ZVMJ,MONTBLANC 办公商品,办公,MONTBLANC,221,939,办公,Montblanc Ballpoint Pen Refills (B) Royal Blue 124491 – Refill Cartridges with a Broad Tip for Montblanc Ball Pens – 2 x Blue Ballpoint Refills,Office Products,Amazon Reviews 2023,https://m.media-amazon.com/images/I/41RgWljfToL._AC_.jpg,4.6,6697
B07MWD4Y6N,Save On Postage Ink 办公商品,办公,Save On Postage Ink,535,365,办公,"Save On Postage Ink Compatible PB 787-1 Red Postage Machine Ink - Cartridge for Sendpro P/Connect+ Series Mailing System, 787-1 Extra High Yield Red Ink Cartridge - Postage Meter Cartridge",Office Products,Amazon Reviews 2023,https://m.media-amazon.com/images/I/41Yh1+c2muL._AC_.jpg,4.3,15
B09L1NJ69D,Performore 办公商品,办公,Performore,72,300,办公,"3 Pack of A5 Notebook Mechanism Replacement Kit, 20mm 6-Ring Metal Binder Mechanisms for Loose Leaf Notebook Planner Binding Accessories, Screws Included (Rose Gold)",Office Products,Amazon Reviews 2023,https://m.media-amazon.com/images/I/51uHK7-G+IL._AC_.jpg,4.4,71
B0B887R2VV,Halco 办公商品,办公,Halco,101,89,办公,Halco Halco Rp 135 H Roosta Popper,Sports & Outdoors,Amazon Reviews 2023,https://m.media-amazon.com/images/I/410zkjNajOL._AC_.jpg,4.8,55
B00QR4OKBS,Trodat 办公商品,办公,Trodat,72,572,办公,New Trodat 4911 Self Inking Rubber Stamp w. Checked,Amazon Home,Amazon Reviews 2023,https://m.media-amazon.com/images/I/31E5JlFjcUL._AC_.jpg,5.0,1
B0B2HXK3V5,Notsu 办公商品,办公,Notsu,58,248,办公,Notsu To Do List Foldable Scored Index Cards 3x5 (Pack of 50) | Thoughtfully Designed Double Sided Planner Notecards for Personal Productivity and Professional Organization,Office Products,Amazon Reviews 2023,https://m.media-amazon.com/images/I/312-pqzebtL._AC_.jpg,4.8,48
B08F91WTZ8,SBLABELS 办公商品,办公,SBLABELS,86,984,办公,"Patriotic USA Holiday Sticker Assortment / 6 Alternating American Christmas Stickers / 500 Proud to Be an American Labels 1.5""",Office Products,Amazon Reviews 2023,https://m.media-amazon.com/images/I/41Q+QrfHbgL._AC_.jpg,5.0,10
B07RJBBD9W,STORE SMART 办公商品,办公,STORE SMART,58,151,办公,"StoreSMART - Lotto Ticket Lottery Holder - 4""x9"" Plastic LT - Metalic Purple - 2 Pack",Office Products,Amazon Reviews 2023,https://m.media-amazon.com/images/I/31stsPgaXwL._AC_.jpg,3.8,177
B0BKZQLNH5,ITNRSIIET 鼠标垫,办公,ITNRSIIET,72,280,办公|鼠标,"ITNRSIIET Mouse Pad, Mouse Pad Wrist Support Mousepad with Wrist Rest, Mouse Pads for Wireless Mouse Ergonomic Cute Desk Decor Desk Accessories for Women, Non-Slip PU Base, Abstract Art",Computers,Amazon Reviews 2023,https://m.media-amazon.com/images/I/41If3tQXYAL._AC_.jpg,4.7,13103
B07HFK7X75,STORE SMART 办公商品,办公,STORE SMART,128,187,办公,"StoreSMART - Peel & Stick 1"" x 4"" Shelf Tag/Label Holders - 25-Pack - Open Long Side - SPCSTB2432L-25",Office Products,Amazon Reviews 2023,https://m.media-amazon.com/images/I/31+xlkUBFEL._AC_.jpg,4.5,110
B01IX22LFI,O3 Design Studio 办公商品,办公,O3 Design Studio,259,649,办公,Dublin Paper Cut Map by O3 Design Studio White 12x12 inches Paper Art,Amazon Home,Amazon Reviews 2023,https://m.media-amazon.com/images/I/615bkAqLU1L._AC_.jpg,5.0,1
B07W1X9CM1,GRAPHICS & MORE 办公商品,办公,GRAPHICS & MORE,65,967,办公,Teen Titans Go! Raven Retractable Reel Premium Metal Chrome Badge ID Card Holder Clip,Office Products,Amazon Reviews 2023,https://m.media-amazon.com/images/I/313Cz-qKAML._AC_.jpg,1.0,1
B0BWFV1ZNM,ANECDOTE. 保护套,办公,ANECDOTE.,115,0,办公,"ANECDOTE. Lined Journal Notebook. Hard Cover, Ruled, Thick 100 gsm Paper, A5 size: 8.3 inches x 5.4 inches. Use for School, Office, Home or Business. (Ink Blue)",Office Products,Amazon Reviews 2023,https://m.media-amazon.com/images/I/31zTtWMhVdL._AC_.jpg,4.7,979
B00BZEU7VM,Unknown 办公商品,办公,Unknown,712,372,办公,Classic Metal Cap/White Barrel Ink Converter/Ink Cartridge Fountain Pen with medium nib from Cleo Skribent,Office Products,Amazon Reviews 2023,https://m.media-amazon.com/images/I/21cyZi+aG9L._AC_.jpg,5.0,1
B07SHMJVY3,Realspace 办公商品,办公,Realspace,1144,223,办公,"Realspace® Magellan 24""W 2-Drawer Lateral File Cabinet, Blonde Ash",Amazon Home,Amazon Reviews 2023,https://m.media-amazon.com/images/I/41tGo5OWtfL._AC_.jpg,4.3,11
B0BN8GSVZV,Easesign 办公商品,办公,Easesign,166,151,办公,"120015 Toilet Restrooms Washroom Lounge Bathroom For Restaurant Cafe Shop Mall Bar Display LED Light Neon Sign (12"" X 8"", Blue)",Amazon Home,Amazon Reviews 2023,https://m.media-amazon.com/images/I/41bpweJ3HEL._AC_.jpg,4.1,25
B08NLFQPWF,NobleWorks 办公商品,办公,NobleWorks,137,715,办公,"NobleWorks 12 Christmas Greeting Cards with Envelopes, Humor Holiday Box for Men and Women (1 Design, 12 Cards) - Not Worth It B5853K",Office Products,Amazon Reviews 2023,https://m.media-amazon.com/images/I/51zGLXBBsSL._AC_.jpg,4.7,71
B07919QYWV,Canplow 办公商品,办公,Canplow,108,523,办公,"Canplow Sand & Shells Paperweight 2-1/8 inch Cube, Tropical Fish & Palm Tree, with Nature Beach Sand Foot Prints",Amazon Home,Amazon Reviews 2023,https://m.media-amazon.com/images/I/51yGamw+9LL._AC_.jpg,4.7,4
B0772XVGHF,Blue Juice 办公商品,办公,Blue Juice,61,379,办公,Blue Juice Valve Oil,Musical Instruments,Amazon Reviews 2023,https://m.media-amazon.com/images/I/31dcgeFvK-L._AC_.jpg,4.7,4774
B0BBLN9XLB,LUTER 办公商品,办公,LUTER,32,179,办公,"LUTER 6pcs Curve Highlighter Pen Set, Tip Pens with 6 Different Curve Shapes Fine Tips Colored Curve Highlighter Markers Assorted Colors for Note Writing Drawing Journaling Scrapbook",Office Products,Amazon Reviews 2023,https://m.media-amazon.com/images/I/41YyqjP6D-L._AC_.jpg,4.0,50
B093RXYF9V,momAgenda 办公商品,办公,momAgenda,144,836,办公,momAgenda Desktop Day Planner | July 2022 - December 2023 | Family Planner. Manage Multiple Schedules. Week-at-a-View layout. (Leopard),Office Products,Amazon Reviews 2023,https://m.media-amazon.com/images/I/51V-qxPwi+L._AC_.jpg,4.5,31
B00HNYF4RA,SPEEDYINKS 办公商品,办公,SPEEDYINKS,122,805,办公,"Speedy Inks Compatible Toner Cartridge Replacement for Dell 331-7377 T9FKK Extra High-Yield (Black, 3-Pack)",All Electronics,Amazon Reviews 2023,https://m.media-amazon.com/images/I/414zyFtHPmL._AC_.jpg,4.5,5
B09199HL91,EARLY BUY 办公商品,办公,EARLY BUY,50,370,办公,"Early Buy 6 Pads Lined Sticky Notes with Lines 4x6 Self-Stick Notes Bright Color Sticky Notes, 45 Sheets/Pad (Orange)",Office Products,Amazon Reviews 2023,https://m.media-amazon.com/images/I/41YL6SSCSBS._AC_.jpg,4.5,1031
B00D60KG0U,Doliphine 办公商品,办公,Doliphine,50,768,办公,Crystal seed Beads Necklace LANYARD Keychain with Clasp for Key/ID/Cell Phone Holder (13 Colors for choice),Office Products,Amazon Reviews 2023,https://m.media-amazon.com/images/I/51SBtnbYDJL._AC_.jpg,4.3,6
B00FMXPGG8,Rubbermaid 办公商品,办公,Rubbermaid,183,841,办公,"Rubbermaid Regeneration Letter Size 6-Tier Desk Tray, Black Plastic, (86028)",Office Products,Amazon Reviews 2023,https://m.media-amazon.com/images/I/51rveKpDq9L._AC_.jpg,4.7,11
B0BY8SK3F1,NETUM 办公商品,办公,NETUM,490,760,办公,"NETUM Label Maker - Bluetooth Thermal Label Printer Portable Barcode Printer Apply to Clothing, Jewelry, Retail, Mailing, Barcode, Compatible for Android & iOS System",All Electronics,Amazon Reviews 2023,https://m.media-amazon.com/images/I/41-dhEowExL._AC_.jpg,3.8,255
B0B2K522LJ,YINHEXI 办公商品,办公,YINHEXI,65,622,办公,"YINHEXI Blue Lanyard Lanyards for ID Badges 100Pcs Lanyards Teacher Lanyard Lanyard ID Holder Neck Lanyards with PVC Clips for Name Tag, Keys, Kids Lanyards(Blue)",Office Products,Amazon Reviews 2023,https://m.media-amazon.com/images/I/51ZiqNENQhL._AC_.jpg,5.0,5
B0019IKROG,BAZIC Products 办公商品,办公,BAZIC Products,33,885,办公,"BAZIC Push Pins, Assorted, 100 Per Pack",Office Products,Amazon Reviews 2023,https://m.media-amazon.com/images/I/5189VOq3fKL._AC_.jpg,4.3,30
B006SJOD4G,Cello 办公商品,办公,Cello,85,592,办公,Cello Sapphire Retractable Ballpoint Pen Blue Pack of 5,Office Products,Amazon Reviews 2023,https://m.media-amazon.com/images/I/41c+qfuf0kL._AC_.jpg,4.0,15
B07BFC84CD,iFUOFF 鼠标垫,办公,iFUOFF,57,500,办公|鼠标,"iFUOFF Mousepad, Paris Eiffel Tower Design Non Slip Rubber Gaming Mouse Pad Mat",Computers,Amazon Reviews 2023,https://m.media-amazon.com/images/I/61IrsnMGBqL._AC_.jpg,4.4,32
B000086A6N,Wasp Technologies 办公商品,办公,Wasp Technologies,137,152,办公,"WASP W-300 Black Wax Resin Thermal Transfer Ribbon 4.25""x298'",All Electronics,Amazon Reviews 2023,https://m.media-amazon.com/images/I/412ik7o-gfL._AC_.jpg,5.0,2
B01EEZEITU,JSTORY 保护套,办公,JSTORY,72,933,办公,JSTORY Large Monthly Planner Lays Flat Undated Year Round Flexible Cover Goal/Time Organizer Thick Paper Eco Friendly Customizable Stitch Bound A4 16 Months 18 Sheets Kraft,Office Products,Amazon Reviews 2023,https://m.media-amazon.com/images/I/41mrJfYdHbL._AC_.jpg,4.7,65
B093CDVBDY,BASTION 保护壳,办公,BASTION,288,428,办公|保护壳,BASTION Aluminum Bolt Action Pen with Gift Case - Luxury Executive Retractable Lightweight Metal - Ink Refillable Office Pocket EDC Fine Point Writing Ballpoint Pens for Men & Women (Purple),Office Products,Amazon Reviews 2023,https://m.media-amazon.com/images/I/31Upza9cOEL._AC_.jpg,4.6,511
B08J3ZG1MJ,Uni Japan 办公商品,办公,Uni Japan,137,146,办公,Uni Paint Marker Poster Color 7 Marking Pen Fine Point PC-3M 7 Natural Color Set With Original Stylus Ballpoint Touch Pen,Office Products,Amazon Reviews 2023,https://m.media-amazon.com/images/I/51yFzF-PLTL._AC_.jpg,4.4,38
B01N80M728,2PO 办公商品,办公,2PO,76,50,办公,3 Pack Chalk Shoppe Stitched Notebooks,Office Products,Amazon Reviews 2023,https://m.media-amazon.com/images/I/51UH1WoCeML._AC_.jpg,4.3,13
B08JFXKBK9,Office Star 办公商品,办公,Office Star,1130,236,办公,"Office Star DC Series Adjustable Drafting Chair with Foot Ring and Sculptured Foam Seat, Dillon Stratus Faux Leather",Amazon Home,Amazon Reviews 2023,https://m.media-amazon.com/images/I/31+k72AY9TL._AC_.jpg,4.0,22
B0096XY1ZW,AVERY 办公商品,办公,AVERY,208,488,办公,labels - 25 pcs.,Office Products,Amazon Reviews 2023,https://m.media-amazon.com/images/I/51Y1ZlIzhgL._AC_.jpg,5.0,10
B0BGKQVYJY,wowcugi 办公商品,办公,wowcugi,180,725,办公,wowcugi Teacher Appreciation Gifts Personalized Teacher Nutrition Facts Tumbler 20oz 30oz Thank You Gifts Ideas for Teachers Christmas Anniversary Present Ideas,Amazon Home,Amazon Reviews 2023,https://m.media-amazon.com/images/I/51CO3nsBgSL._AC_.jpg,4.7,21
B07ZWSTLGG,DGQ 办公商品,办公,DGQ,50,937,办公,DGQ 2pcs Silver Desk Straight Rod Paper Holder Wire Receipt 6 Inch Spindle Spike Stick Receipts Check Bill Fork,Office Products,Amazon Reviews 2023,https://m.media-amazon.com/images/I/31+YZL6CwbL._AC_.jpg,4.6,94
B00KQO0DWU,PosterEnvy 办公商品,办公,PosterEnvy,72,413,办公,Everything Will Be Okay In The End - NEW Classroom Motivational Poster,Industrial & Scientific,Amazon Reviews 2023,https://m.media-amazon.com/images/I/51p6zDtUzAL.jpg,5.0,1
B0BTHXFXP8,Cacolor 办公商品,办公,Cacolor,158,895,办公,Cacolor Acrylic Magnetic Calendar Dry Erase Board for Fridge (15.75x11.8 inches) Clear Montly Magnetic Calander for Refrigerator with Grocery List Magnet Pad and Markers,Office Products,Amazon Reviews 2023,https://m.media-amazon.com/images/I/41svoKh8cBL._AC_.jpg,4.2,58
B081K455VP,GRAPHICS & MORE 办公商品,办公,GRAPHICS & MORE,94,787,办公,Ford Mustang Logo Classic Chrome Plated Metal Envelope Letter Opener Slitter,Office Products,Amazon Reviews 2023,https://m.media-amazon.com/images/I/31qyCztNUyL._AC_.jpg,4.9,17
B0B9WT49P2,Topotdor 办公商品,办公,Topotdor,259,258,办公|保护膜,"Topotdor Home Office Chair Mat for Hardwood Floor,35""×60"" Bohemian Computer Gaming Rolling Chair Mat Anti-Slip Washable for Tile Floor Protector(Multi-Color)",Amazon Home,Amazon Reviews 2023,https://m.media-amazon.com/images/I/61LxKctRPxL._AC_.jpg,4.0,28
